id_sampling_point;date_sample_collection;precision_date;data_type;id_sample;id_level_1;id_level_2;id_level_3;country_code;main_prog_name;type_of_sample;additional_name;level_1_scale_obs;level_2_scale_obs;level_3_scale_obs;bacteria_ace_index;bacteria_chao1_index;bacteria_fisher_alpha;bacteria_shannon_index;bacteria_simpson_index;gp1_relative_abundance;gp2_relative_abundance;gp3_relative_abundance;gp4_relative_abundance;gp6_relative_abundance;gp7_relative_abundance;bacteria_evenness_index;bacteria_richness_index;bacteria_shan_index_log;gp10_relative_abundance;gp17_relative_abundance;gp25_relative_abundance;labrys_relative_abundance;bauldia_relative_abundance;devosia_relative_abundance;gaiella_relative_abundance;lentzea_relative_abundance;agromyce_relative_abundance;bacillus_relative_abundance;belnapia_relative_abundance;massilia_relative_abundance;nocardia_relative_abundance;opitutus_relative_abundance;acidisoma_relative_abundance;aeromonas_relative_abundance;kutzneria_relative_abundance;pirellula_relative_abundance;sorangium_relative_abundance;haliangium_relative_abundance;lysobacter_relative_abundance;microvirga_relative_abundance;mycetocola_relative_abundance;nitrospira_relative_abundance;tahibacter_relative_abundance;aquisphaera_relative_abundance;bacteria_evenness_index_method;bacteria_inverse_simpson_index;curvibacter_relative_abundance;kineosporia_relative_abundance;labilithrix_relative_abundance;marmoricola_relative_abundance;skermanella_relative_abundance;terrabacter_relative_abundance;arthrobacter_relative_abundance;bacteria_phylogenetic_diversity;blastococcus_relative_abundance;cellulomonas_relative_abundance;chondromyces_relative_abundance;chryseolinea_relative_abundance;gemmatimonas_relative_abundance;microlunatus_relative_abundance;nocardioides_relative_abundance;sphingomonas_relative_abundance;sphingopyxis_relative_abundance;streptomyces_relative_abundance;acinetobacter_relative_abundance;chelatococcus_relative_abundance;kitasatospora_relative_abundance;mycobacterium_relative_abundance;saccharothrix_relative_abundance;bradyrhizobium_relative_abundance;clostridium_xi_relative_abundance;flavobacterium_relative_abundance;micromonospora_relative_abundance;relative_abundance_bacteria_genus;relative_abundance_bacteria_value;rhodomicrobium_relative_abundance;solirubrobacter_relative_abundance;mucilaginibacter_relative_abundance;pseudorhodoferax_relative_abundance;telmatospirillum_relative_abundance;methyloversatilis_relative_abundance;pullulanibacillus_relative_abundance;thermoactinomyces_relative_abundance;cellulosimicrobium_relative_abundance;subdivision3_genera_incertae_sedis_relat_abund;spartobacteria_genera_incertae_sedis_relat_abund;latescibacteria_genera_incertae_sedis_relat_abund;bacteria_soil_subsample_mass;bacteria_sampling_metthod;bacteria_sampling_methodology_iso;bacteria_methodo_class;bacteria_sequencing_type;bacteria_molecular_marker;bacteria_sequencing_length;bact_taxon_platfotm_or_db;bacteria_taxon_database_or_pipeline;bacteria_picking_scope;date_soil_sampling_for_chemical_analysis;type_of_the_sample;soil_type_wrb;wrb_version;soil_taxonomy_version;soil_type_in_soil_taxonomy;name_local_soil_classification;soil_type_in_a_local_classification;ph_method;ph_mean;cec_mean;caco3;texture;texture_triangle;sand;sand_limit;silt;silt_limit;clay_limit;bottom_depth_of_top_layer;carbon_azote_ratio_mean;soc_mean;som_mean;soil_sample_depth;bulk_density;soil_analysis_sample_mass;soil_humidity;soil_total_depth;phosphorus_total;phosphorus_available;potassium_available;nitrogen;organic_carbon;crop_1;crop_2;crop_3;crop_rotation;irrigat_water;tillage_depth;farming_system;grazing_method;tillage_method;tillage_season;tillage_system;type_main_crop;cropping_system;drainage_system;fertilizer_type;irrigation_type;livestock_breed;fertilization_method;insect_appli_rate;pest_control_type;landuse_1_year_ago;landuse_3_year_ago;landuse_4_year_ago;landuse_2_years_ago;landuse_5_years_ago;landuse_6_years_ago;miticide_appli_rate;total_plant_biomass;fungicide_appli_rate;herbicide_appli_rate;insect_pest_control_method;organic_matter_input;pest_control_method_microbioconsortia;nematicide_appli_rate;organic_matter_amount;bactericide_appli_rate;yield_of_sampling_year;fungicide_pest_control_method;herbicide_pest_control_method;molluscicide_appli_rate;nematicide_pest_control_method;pheromones_pest_control_method;single_inoculant_pest_control_method;bactericide_pest_control_method;molluscicid_pest_control_method;number_of_husbandry_animals;pest_control_metthod_miticide;soilsolariz_pest_control_method;publication_year;project_acronym;project_name;contributor_name;contributor_email;contributor_instit;data_owner;dataset_title;literature_title;doi;journal_name;book_title;source_type;volume_number;scale_project;spacial_level;upload_to_gbif;upload_to_other_databases;link_to_ncbi_or_other_database;date_start_experiment;date_end_experiment;longitude;latitude;altitude;study_landuse;experimental_type;total_experiment_duration;experiment_duration_mean;mean_temperature_of_the_day;source_of_climate_data;year_precipitation;air_humidity
2011-06-20_D_IT_VC_ROOT_T_Lowland_block_1_P_1;date:2011-06-20T00:00:00:yyyy-MM-dd;D;;VC_ROOT_Lowland_1_1;Lowland;1;1;IT;vc_root;composite;CREA-RIS_Research Centre for Cereal and Industrial Crops in Vercelli, Italy;T;block;P;367.832927330847;490.769230769231;106.967815751159;4.54249498825345;0.983129991259683;;;;;;;;140;;;;;0;0;0;;0;;0.001904761904762;;0.018285714285714;;0.004761904761905;;;;0;0.001904761904762;0.000519480519481;0;;;0;;;;59.2767920511001;;0;;0;;0;0;;;;;;0;;0.000816326530612;0.000380952380952;0;0.000952380952381;0;;;0;;0;;0;;NULL;NULL;0;0;;;;;;;;;;;;soil_core;;sequencing;targeted;16S-V3–V4 hypervariable region;GREATERTHANSIGN300_bp;silva;QIIME (Quantitative Insights Into Microbial Ecology) v1.8.0;otu;;composite;;;;;;USDA Classification;;6.26;10.17;;loam;;51.4;;38.8;;;;11.0;10.0;17.1;20.0;1.2;;;;;;;;;cereal;;;No;clear_water;;conventional_farming;;;;;;monoculture;no_drainage;;flood_irrigation;;broadcast_fertilization;;;arable_land;arable_land;arable_land;arable_land;arable_land;arable_land;;;;;;;;;;;;;;;;;;;;;;;2020;RISINNOVA;RISINNOVA -INTEGRATED GENETIC AND GENOMIC APPROACHES FOR NEW ITALIAN RICE BREEDING STRATEGIES;Erica Lumini;erica.lumini@cnr.it;CNR-IPSP;Lumini Erica/Stefano Ghignone;Lumini_Italian Rice Fields_Bacteria and Fungi;Water management and phenology influence the root-associated rice field microbiota;https://doi.org/10.1093/femsec/fiaa155;FEMS Microbiology Ecology;;raw_data_project;fiaa146_96;regional;subsample;Yes;Yes;https://www.ncbi.nlm.nih.gov/bioproject/PRJNA638897;2011-06-20;2011-09-07;8.376486;45.322334;134.0;arable_land;field;6;4;12.9◦C;Meteorological station of Regional Agency for the Protection of the Environment (ARPA Piemonte) at 1.3 km from the field site];791.5 mm;
2011-06-20_D_IT_VC_ROOT_T_Lowland_block_1_P_2;date:2011-06-20T00:00:00:yyyy-MM-dd;D;;VC_ROOT_Lowland_1_2;Lowland;1;2;IT;vc_root;composite;CREA-RIS_Research Centre for Cereal and Industrial Crops in Vercelli, Italy;T;block;P;490.680169233265;420.837837837838;120.812531886271;4.63992063787726;0.977154451749046;;;;;;;;208;;;;;0.002624671916011;0;0.00087489063867;;0.002624671916011;;0.00174978127734;;0.025721784776903;;0.00174978127734;;;;0.001574803149606;0;0.000477213075638;0;;;0;;;;43.7722040642319;;0;;0;;0.002624671916011;0.001312335958005;;;;;;0.000524934383202;;0.004874390701162;0.000699912510936;0;0.000437445319335;0;;;0;;0;;0;;NULL;NULL;0;0;;;;;;;;;;;;soil_core;;sequencing;targeted;16S-V3–V4 hypervariable region;GREATERTHANSIGN300_bp;silva;QIIME (Quantitative Insights Into Microbial Ecology) v1.8.0;otu;;composite;;;;;;USDA Classification;;6.26;10.17;;loam;;51.4;;38.8;;;;11.0;10.0;17.1;20.0;1.2;;;;;;;;;cereal;;;No;clear_water;;conventional_farming;;;;;;monoculture;no_drainage;;flood_irrigation;;broadcast_fertilization;;;arable_land;arable_land;arable_land;arable_land;arable_land;arable_land;;;;;;;;;;;;;;;;;;;;;;;2020;RISINNOVA;RISINNOVA -INTEGRATED GENETIC AND GENOMIC APPROACHES FOR NEW ITALIAN RICE BREEDING STRATEGIES;Erica Lumini;erica.lumini@cnr.it;CNR-IPSP;Lumini Erica/Stefano Ghignone;Lumini_Italian Rice Fields_Bacteria and Fungi;Water management and phenology influence the root-associated rice field microbiota;https://doi.org/10.1093/femsec/fiaa156;FEMS Microbiology Ecology;;raw_data_project;fiaa146_96;regional;subsample;Yes;Yes;https://www.ncbi.nlm.nih.gov/bioproject/PRJNA638897;2011-06-20;2011-09-07;8.376486;45.322334;134.0;arable_land;field;6;4;12.9◦C;Meteorological station of Regional Agency for the Protection of the Environment (ARPA Piemonte) at 1.3 km from the field site];791.5 mm;
2011-06-20_D_IT_VC_ROOT_T_Lowland_block_1_P_3;date:2011-06-20T00:00:00:yyyy-MM-dd;D;;VC_ROOT_Lowland_1_3;Lowland;1;3;IT;vc_root;composite;CREA-RIS_Research Centre for Cereal and Industrial Crops in Vercelli, Italy;T;block;P;345.53208376452;300.666666666667;112.437432235875;4.66725943845983;0.980965698964497;;;;;;;;174;;;;;0;0;0.005611672278339;;0;;0.003367003367003;;0.002693602693603;;0.001122334455668;;;;0.003703703703704;0;0;0;;;0;;;;52.5367334547662;;0;;0.003367003367003;;0.01010101010101;0.003367003367003;;;;;;0;;0.001443001443001;0.001346801346801;0;0.001122334455668;0;;;0.001683501683502;;0;;0;;NULL;NULL;0;0.002244668911336;;;;;;;;;;;;soil_core;;sequencing;targeted;16S-V3–V4 hypervariable region;GREATERTHANSIGN300_bp;silva;QIIME (Quantitative Insights Into Microbial Ecology) v1.8.0;otu;;composite;;;;;;USDA Classification;;6.26;10.17;;loam;;51.4;;38.8;;;;11.0;10.0;17.1;20.0;1.2;;;;;;;;;cereal;;;No;clear_water;;conventional_farming;;;;;;monoculture;no_drainage;;flood_irrigation;;broadcast_fertilization;;;arable_land;arable_land;arable_land;arable_land;arable_land;arable_land;;;;;;;;;;;;;;;;;;;;;;;2020;RISINNOVA;RISINNOVA -INTEGRATED GENETIC AND GENOMIC APPROACHES FOR NEW ITALIAN RICE BREEDING STRATEGIES;Erica Lumini;erica.lumini@cnr.it;CNR-IPSP;Lumini Erica/Stefano Ghignone;Lumini_Italian Rice Fields_Bacteria and Fungi;Water management and phenology influence the root-associated rice field microbiota;https://doi.org/10.1093/femsec/fiaa157;FEMS Microbiology Ecology;;raw_data_project;fiaa146_96;regional;subsample;Yes;Yes;https://www.ncbi.nlm.nih.gov/bioproject/PRJNA638897;2011-06-20;2011-09-07;8.376486;45.322334;134.0;arable_land;field;6;4;12.9◦C;Meteorological station of Regional Agency for the Protection of the Environment (ARPA Piemonte) at 1.3 km from the field site];791.5 mm;
2011-06-20_D_IT_VC_ROOT_T_Upland_block_1_P_1;date:2011-06-20T00:00:00:yyyy-MM-dd;D;;VC_ROOT_upland_1_1;Upland;1;1;IT;vc_root;composite;CREA-RIS_Research Centre for Cereal and Industrial Crops in Vercelli, Italy;T;block;P;435.989460860838;432.893617021277;104.807268183724;4.55528440742666;0.972656749896624;;;;;;;;268;;;;;0.001076426264801;0;0.001794043774668;;0.01291711517761;;0.001435235019734;;0.003013993541442;;0.000897021887334;;;;0.0005382131324;0.000358808754934;0.001076426264801;0;;;0;;;;36.5720971800842;;0.0005382131324;;0.001076426264801;;0.01184068891281;0.003229278794403;;;;;;0;;0.001383976626173;0.001578758521708;0.002152852529602;0.016684607104413;0;;;0.004305705059203;;0;;0.0005382131324;;NULL;NULL;0;0;;;;;;;;;;;;soil_core;;sequencing;targeted;16S-V3–V4 hypervariable region;GREATERTHANSIGN300_bp;silva;QIIME (Quantitative Insights Into Microbial Ecology) v1.8.0;otu;;composite;;;;;;USDA Classification;;6.46;11.4;;loam;;44.0;;46.9;;;;11.0;8.8;15.1;20.0;1.2;;;;;;;;;cereal;;;No;clear_water;;conventional_farming;;;;;;monoculture;subsurface_drainage;;flood_irrigation;;broadcast_fertilization;;;arable_land;arable_land;arable_land;arable_land;arable_land;arable_land;;;;;;;;;;;;;;;;;;;;;;;2020;RISINNOVA;RISINNOVA -INTEGRATED GENETIC AND GENOMIC APPROACHES FOR NEW ITALIAN RICE BREEDING STRATEGIES;Erica Lumini;erica.lumini@cnr.it;CNR-IPSP;Lumini Erica/Stefano Ghignone;Lumini_Italian Rice Fields_Bacteria and Fungi;Water management and phenology influence the root-associated rice field microbiota;https://doi.org/10.1093/femsec/fiaa173;FEMS Microbiology Ecology;;raw_data_project;fiaa146_96;regional;subsample;Yes;Yes;https://www.ncbi.nlm.nih.gov/bioproject/PRJNA638897;2011-06-20;2011-09-07;8.376486;45.322334;140.0;arable_land;field;6;4;12.9◦C;Meteorological station of Regional Agency for the Protection of the Environment (ARPA Piemonte) at 1.3 km from the field site];791.5 mm;
2011-06-20_D_IT_VC_ROOT_T_Upland_block_1_P_2;date:2011-06-20T00:00:00:yyyy-MM-dd;D;;VC_ROOT_upland_1_2;Upland;1;2;IT;vc_root;composite;CREA-RIS_Research Centre for Cereal and Industrial Crops in Vercelli, Italy;T;block;P;212.571858403034;192.777777777778;57.1571823397716;4.03394408517924;0.960783929830057;;;;;;;;125;;;;;0;0;0;;0.021341463414634;;0.001016260162602;;0.006707317073171;;0;;;;0;0.001524390243902;0;0;;;0;;;;25.4997503744383;;0;;0;;0.00609756097561;0.003048780487805;;;;;;0;;0.000871080139373;0.000813008130081;0.00609756097561;0.034044715447155;0;;;0.004573170731707;;0;;0;;NULL;NULL;0;0;;;;;;;;;;;;soil_core;;sequencing;targeted;16S-V3–V4 hypervariable region;GREATERTHANSIGN300_bp;silva;QIIME (Quantitative Insights Into Microbial Ecology) v1.8.0;otu;;composite;;;;;;USDA Classification;;6.46;11.4;;loam;;44.0;;46.9;;;;11.0;8.8;15.1;20.0;1.2;;;;;;;;;cereal;;;No;clear_water;;conventional_farming;;;;;;monoculture;subsurface_drainage;;flood_irrigation;;broadcast_fertilization;;;arable_land;arable_land;arable_land;arable_land;arable_land;arable_land;;;;;;;;;;;;;;;;;;;;;;;2020;RISINNOVA;RISINNOVA -INTEGRATED GENETIC AND GENOMIC APPROACHES FOR NEW ITALIAN RICE BREEDING STRATEGIES;Erica Lumini;erica.lumini@cnr.it;CNR-IPSP;Lumini Erica/Stefano Ghignone;Lumini_Italian Rice Fields_Bacteria and Fungi;Water management and phenology influence the root-associated rice field microbiota;https://doi.org/10.1093/femsec/fiaa174;FEMS Microbiology Ecology;;raw_data_project;fiaa146_96;regional;subsample;Yes;Yes;https://www.ncbi.nlm.nih.gov/bioproject/PRJNA638897;2011-06-20;2011-09-07;8.376486;45.322334;140.0;arable_land;field;6;4;12.9◦C;Meteorological station of Regional Agency for the Protection of the Environment (ARPA Piemonte) at 1.3 km from the field site];791.5 mm;
2011-06-20_D_IT_VC_ROOT_T_Upland_block_1_P_3;date:2011-06-20T00:00:00:yyyy-MM-dd;D;;VC_ROOT_upland_1_3;Upland;1;3;IT;vc_root;composite;CREA-RIS_Research Centre for Cereal and Industrial Crops in Vercelli, Italy;T;block;P;335.433329902919;293.8125;80.877660516723;4.1838096663574;0.95795804478885;;;;;;;;163;;;;;0;0;0.001777777777778;;0;;0.001333333333333;;0.0032;;0;;;;0;0.001777777777778;0.001212121212121;0;;;0;;;;23.7857634112792;;0;;0.013333333333333;;0.008;0.002666666666667;;;;;;0.000533333333333;;0.000380952380952;0.002133333333333;0.005333333333333;0.013777777777778;0;;;0.004;;0;;0;;NULL;NULL;0;0;;;;;;;;;;;;soil_core;;sequencing;targeted;16S-V3–V4 hypervariable region;GREATERTHANSIGN300_bp;silva;QIIME (Quantitative Insights Into Microbial Ecology) v1.8.0;otu;;composite;;;;;;USDA Classification;;6.46;11.4;;loam;;44.0;;46.9;;;;11.0;8.8;15.1;20.0;1.2;;;;;;;;;cereal;;;No;clear_water;;conventional_farming;;;;;;monoculture;subsurface_drainage;;flood_irrigation;;broadcast_fertilization;;;arable_land;arable_land;arable_land;arable_land;arable_land;arable_land;;;;;;;;;;;;;;;;;;;;;;;2020;RISINNOVA;RISINNOVA -INTEGRATED GENETIC AND GENOMIC APPROACHES FOR NEW ITALIAN RICE BREEDING STRATEGIES;Erica Lumini;erica.lumini@cnr.it;CNR-IPSP;Lumini Erica/Stefano Ghignone;Lumini_Italian Rice Fields_Bacteria and Fungi;Water management and phenology influence the root-associated rice field microbiota;https://doi.org/10.1093/femsec/fiaa175;FEMS Microbiology Ecology;;raw_data_project;fiaa146_96;regional;subsample;Yes;Yes;https://www.ncbi.nlm.nih.gov/bioproject/PRJNA638897;2011-06-20;2011-09-07;8.376486;45.322334;140.0;arable_land;field;6;4;12.9◦C;Meteorological station of Regional Agency for the Protection of the Environment (ARPA Piemonte) at 1.3 km from the field site];791.5 mm;
2011-06-20_D_IT_VC_SOIL_T_Lowland_block_1_P_1;date:2011-06-20T00:00:00:yyyy-MM-dd;D;;VC_SOIL_Lowland_1_1;Lowland;1;1;IT;vc_soil;composite;CREA-RIS_Research Centre for Cereal and Industrial Crops in Vercelli, Italy;T;block;P;1082.45412116581;1023.76704545455;313.107558299428;5.99584989137411;0.994934674839571;;;;;;;;805;;;;;0;0.00222816399287;0.000891265597148;;0.001782531194296;;0.002673796791444;;0.002673796791444;;0.001931075460487;;;;0.001336898395722;0.000891265597148;0.002673796791444;0;;;0.005347593582888;;;;197.420692320433;;0;;0;;0.002673796791444;0.004901960784314;;;;;;0.003208556149733;;0.000891265597148;0.001485442661913;0.000891265597148;0.000297088532383;0;;;0.00445632798574;;0;;0.004010695187166;;NULL;NULL;0.001782531194296;0;;;;;;;;;;;;soil_core;;sequencing;targeted;16S-V3–V4 hypervariable region;GREATERTHANSIGN300_bp;silva;QIIME (Quantitative Insights Into Microbial Ecology) v1.8.0;otu;;composite;;;;;;USDA Classification;;6.26;10.17;;loam;;51.4;;38.8;;;;11.0;10.0;17.1;20.0;1.2;;;;;;;;;cereal;;;No;clear_water;;conventional_farming;;;;;;monoculture;no_drainage;;flood_irrigation;;broadcast_fertilization;;;arable_land;arable_land;arable_land;arable_land;arable_land;arable_land;;;;;;;;;;;;;;;;;;;;;;;2020;RISINNOVA;RISINNOVA -INTEGRATED GENETIC AND GENOMIC APPROACHES FOR NEW ITALIAN RICE BREEDING STRATEGIES;Erica Lumini;erica.lumini@cnr.it;CNR-IPSP;Lumini Erica/Stefano Ghignone;Lumini_Italian Rice Fields_Bacteria and Fungi;Water management and phenology influence the root-associated rice field microbiota;https://doi.org/10.1093/femsec/fiaa146;FEMS Microbiology Ecology;;raw_data_project;fiaa146_96;regional;subsample;Yes;Yes;https://www.ncbi.nlm.nih.gov/bioproject/PRJNA638897;2011-06-20;2011-09-07;8.376486;45.322334;134.0;arable_land;field;6;4;12.9◦C;Meteorological station of Regional Agency for the Protection of the Environment (ARPA Piemonte) at 1.3 km from the field site];791.5 mm;
2011-06-20_D_IT_VC_SOIL_T_Lowland_block_1_P_2;date:2011-06-20T00:00:00:yyyy-MM-dd;D;;VC_SOIL_Lowland_1_2;Lowland;1;2;IT;vc_soil;composite;CREA-RIS_Research Centre for Cereal and Industrial Crops in Vercelli, Italy;T;block;P;1095.73180823338;1084.84507042254;292.193790449194;5.83255734044028;0.993698646588425;;;;;;;;769;;;;;0;0;0.000808080808081;;0;;0.005656565656566;;0.003151515151515;;0.001818181818182;;;;0.001333333333333;0.001010101010101;0.001432506887052;0;;;0.005757575757576;;;;158.696066493135;;0;;0;;0.003636363636364;0.006666666666667;;;;;;0.000727272727273;;0.001038961038961;0.001131313131313;0;0;0;;;0.000606060606061;;0;;0.004242424242424;;NULL;NULL;0;0.000808080808081;;;;;;;;;;;;soil_core;;sequencing;targeted;16S-V3–V4 hypervariable region;GREATERTHANSIGN300_bp;silva;QIIME (Quantitative Insights Into Microbial Ecology) v1.8.0;otu;;composite;;;;;;USDA Classification;;6.26;10.17;;loam;;51.4;;38.8;;;;11.0;10.0;17.1;20.0;1.2;;;;;;;;;cereal;;;No;clear_water;;conventional_farming;;;;;;monoculture;no_drainage;;flood_irrigation;;broadcast_fertilization;;;arable_land;arable_land;arable_land;arable_land;arable_land;arable_land;;;;;;;;;;;;;;;;;;;;;;;2020;RISINNOVA;RISINNOVA -INTEGRATED GENETIC AND GENOMIC APPROACHES FOR NEW ITALIAN RICE BREEDING STRATEGIES;Erica Lumini;erica.lumini@cnr.it;CNR-IPSP;Lumini Erica/Stefano Ghignone;Lumini_Italian Rice Fields_Bacteria and Fungi;Water management and phenology influence the root-associated rice field microbiota;https://doi.org/10.1093/femsec/fiaa147;FEMS Microbiology Ecology;;raw_data_project;fiaa146_96;regional;subsample;Yes;Yes;https://www.ncbi.nlm.nih.gov/bioproject/PRJNA638897;2011-06-20;2011-09-07;8.376486;45.322334;134.0;arable_land;field;6;4;12.9◦C;Meteorological station of Regional Agency for the Protection of the Environment (ARPA Piemonte) at 1.3 km from the field site];791.5 mm;
2011-06-20_D_IT_VC_SOIL_T_Lowland_block_1_P_3;date:2011-06-20T00:00:00:yyyy-MM-dd;D;;VC_SOIL_Lowland_1_3;Lowland;1;3;IT;vc_soil;composite;CREA-RIS_Research Centre for Cereal and Industrial Crops in Vercelli, Italy;T;block;P;810.255112541958;743.363636363636;255.495494125325;5.63082037718252;0.993646691913566;;;;;;;;468;;;;;0;0.006329113924051;0.003164556962025;;0;;0.004746835443038;;0.005063291139241;;0.00210970464135;;;;0.000949367088608;0.00210970464135;0.003164556962025;0;;;0.009493670886076;;;;157.398316970547;;0;;0.003164556962025;;0.006329113924051;0.003164556962025;;;;;;0.001898734177215;;0.001808318264014;0;0;0.000527426160338;0;;;0;;0;;0;;NULL;NULL;0;0;;;;;;;;;;;;soil_core;;sequencing;targeted;16S-V3–V4 hypervariable region;GREATERTHANSIGN300_bp;silva;QIIME (Quantitative Insights Into Microbial Ecology) v1.8.0;otu;;composite;;;;;;USDA Classification;;6.26;10.17;;loam;;51.4;;38.8;;;;11.0;10.0;17.1;20.0;1.2;;;;;;;;;cereal;;;No;clear_water;;conventional_farming;;;;;;monoculture;no_drainage;;flood_irrigation;;broadcast_fertilization;;;arable_land;arable_land;arable_land;arable_land;arable_land;arable_land;;;;;;;;;;;;;;;;;;;;;;;2020;RISINNOVA;RISINNOVA -INTEGRATED GENETIC AND GENOMIC APPROACHES FOR NEW ITALIAN RICE BREEDING STRATEGIES;Erica Lumini;erica.lumini@cnr.it;CNR-IPSP;Lumini Erica/Stefano Ghignone;Lumini_Italian Rice Fields_Bacteria and Fungi;Water management and phenology influence the root-associated rice field microbiota;https://doi.org/10.1093/femsec/fiaa148;FEMS Microbiology Ecology;;raw_data_project;fiaa146_96;regional;subsample;Yes;Yes;https://www.ncbi.nlm.nih.gov/bioproject/PRJNA638897;2011-06-20;2011-09-07;8.376486;45.322334;134.0;arable_land;field;6;4;12.9◦C;Meteorological station of Regional Agency for the Protection of the Environment (ARPA Piemonte) at 1.3 km from the field site];791.5 mm;
2011-06-20_D_IT_VC_SOIL_T_Upland_block_1_P_1;date:2011-06-20T00:00:00:yyyy-MM-dd;D;;VC_SOIL_upland_1_1;Upland;1;1;IT;vc_soil;composite;CREA-RIS_Research Centre for Cereal and Industrial Crops in Vercelli, Italy;T;block;P;492.575774846512;451.727272727273;143.213717704654;4.96580352956954;0.987753435138181;;;;;;;;240;;;;;0;0.00462962962963;0;;0;;0.015432098765432;;0;;0.003086419753086;;;;0.001851851851852;0.003086419753086;0.003367003367003;0;;;0.016203703703704;;;;81.655550865344;;0;;0;;0;0;;;;;;0;;0;0.002469135802469;0;0;0;;;0;;0;;0.013888888888889;;NULL;NULL;0;0.003086419753086;;;;;;;;;;;;soil_core;;sequencing;targeted;16S-V3–V4 hypervariable region;GREATERTHANSIGN300_bp;silva;QIIME (Quantitative Insights Into Microbial Ecology) v1.8.0;otu;;composite;;;;;;USDA Classification;;6.46;11.4;;loam;;44.0;;46.9;;;;11.0;8.8;15.1;20.0;1.2;;;;;;;;;cereal;;;No;clear_water;;conventional_farming;;;;;;monoculture;no_drainage;;flood_irrigation;;broadcast_fertilization;;;arable_land;arable_land;arable_land;arable_land;arable_land;arable_land;;;;;;;;;;;;;;;;;;;;;;;2020;RISINNOVA;RISINNOVA -INTEGRATED GENETIC AND GENOMIC APPROACHES FOR NEW ITALIAN RICE BREEDING STRATEGIES;Erica Lumini;erica.lumini@cnr.it;CNR-IPSP;Lumini Erica/Stefano Ghignone;Lumini_Italian Rice Fields_Bacteria and Fungi;Water management and phenology influence the root-associated rice field microbiota;https://doi.org/10.1093/femsec/fiaa164;FEMS Microbiology Ecology;;raw_data_project;fiaa146_96;regional;subsample;Yes;Yes;https://www.ncbi.nlm.nih.gov/bioproject/PRJNA638897;2011-06-20;2011-09-07;8.376486;45.322334;140.0;arable_land;field;6;4;12.9◦C;Meteorological station of Regional Agency for the Protection of the Environment (ARPA Piemonte) at 1.3 km from the field site];791.5 mm;
2011-06-20_D_IT_VC_SOIL_T_Upland_block_1_P_2;date:2011-06-20T00:00:00:yyyy-MM-dd;D;;VC_SOIL_upland_1_2;Upland;1;2;IT;vc_soil;composite;CREA-RIS_Research Centre for Cereal and Industrial Crops in Vercelli, Italy;T;block;P;644.86473066099;605.164179104478;209.791570226475;5.32171860772151;0.990542680830322;;;;;;;;340;;;;;0;0.002717391304348;0;;0;;0.002717391304348;;0.007608695652174;;0.000905797101449;;;;0.002717391304348;0.005434782608696;0.00296442687747;0;;;0.002038043478261;;;;105.738209957658;;0;;0;;0.016304347826087;0.010869565217391;;;;;;0.004347826086957;;0.005434782608696;0.005434782608696;0;0.000905797101449;0;;;0.005434782608696;;0;;0.002717391304348;;NULL;NULL;0;0;;;;;;;;;;;;soil_core;;sequencing;targeted;16S-V3–V4 hypervariable region;GREATERTHANSIGN300_bp;silva;QIIME (Quantitative Insights Into Microbial Ecology) v1.8.0;otu;;composite;;;;;;USDA Classification;;6.46;11.4;;loam;;44.0;;46.9;;;;11.0;8.8;15.1;20.0;1.2;;;;;;;;;cereal;;;No;clear_water;;conventional_farming;;;;;;monoculture;subsurface_drainage;;flood_irrigation;;broadcast_fertilization;;;arable_land;arable_land;arable_land;arable_land;arable_land;arable_land;;;;;;;;;;;;;;;;;;;;;;;2020;RISINNOVA;RISINNOVA -INTEGRATED GENETIC AND GENOMIC APPROACHES FOR NEW ITALIAN RICE BREEDING STRATEGIES;Erica Lumini;erica.lumini@cnr.it;CNR-IPSP;Lumini Erica/Stefano Ghignone;Lumini_Italian Rice Fields_Bacteria and Fungi;Water management and phenology influence the root-associated rice field microbiota;https://doi.org/10.1093/femsec/fiaa165;FEMS Microbiology Ecology;;raw_data_project;fiaa146_96;regional;subsample;Yes;Yes;https://www.ncbi.nlm.nih.gov/bioproject/PRJNA638897;2011-06-20;2011-09-07;8.376486;45.322334;140.0;arable_land;field;6;4;12.9◦C;Meteorological station of Regional Agency for the Protection of the Environment (ARPA Piemonte) at 1.3 km from the field site];791.5 mm;
2011-06-20_D_IT_VC_SOIL_T_Upland_block_1_P_3;date:2011-06-20T00:00:00:yyyy-MM-dd;D;;VC_SOIL_upland_1_3;Upland;1;3;IT;vc_soil;composite;CREA-RIS_Research Centre for Cereal and Industrial Crops in Vercelli, Italy;T;block;P;853.799576854193;704;247.284459332143;5.44218660206631;0.991345147112343;;;;;;;;389;;;;;0;0.002604166666667;0;;0;;0.011284722222222;;0.002083333333333;;0.001736111111111;;;;0.001041666666667;0.001736111111111;0.001420454545455;0;;;0.005208333333333;;;;115.542114115668;;0;;0;;0.005208333333333;0.0078125;;;;;;0.004166666666667;;0.001488095238095;0.002083333333333;0;0.004340277777778;0;;;0.002604166666667;;0;;0;;NULL;NULL;0;0.003472222222222;;;;;;;;;;;;soil_core;;sequencing;targeted;16S-V3–V4 hypervariable region;GREATERTHANSIGN300_bp;silva;QIIME (Quantitative Insights Into Microbial Ecology) v1.8.0;otu;;composite;;;;;;USDA Classification;;6.46;11.4;;loam;;44.0;;46.9;;;;11.0;8.8;15.1;20.0;1.2;;;;;;;;;cereal;;;No;clear_water;;conventional_farming;;;;;;monoculture;subsurface_drainage;;flood_irrigation;;broadcast_fertilization;;;arable_land;arable_land;arable_land;arable_land;arable_land;arable_land;;;;;;;;;;;;;;;;;;;;;;;2020;RISINNOVA;RISINNOVA -INTEGRATED GENETIC AND GENOMIC APPROACHES FOR NEW ITALIAN RICE BREEDING STRATEGIES;Erica Lumini;erica.lumini@cnr.it;CNR-IPSP;Lumini Erica/Stefano Ghignone;Lumini_Italian Rice Fields_Bacteria and Fungi;Water management and phenology influence the root-associated rice field microbiota;https://doi.org/10.1093/femsec/fiaa166;FEMS Microbiology Ecology;;raw_data_project;fiaa146_96;regional;subsample;Yes;Yes;https://www.ncbi.nlm.nih.gov/bioproject/PRJNA638897;2011-06-20;2011-09-07;8.376486;45.322334;140.0;arable_land;field;6;4;12.9◦C;Meteorological station of Regional Agency for the Protection of the Environment (ARPA Piemonte) at 1.3 km from the field site];791.5 mm;
2011-08-04_D_IT_VC_ROOT_T_Lowland_block_2_P_1;date:2011-08-04T00:00:00:yyyy-MM-dd;D;;VC_ROOT_Lowland_2_1;Lowland;2;1;IT;vc_root;composite;CREA-RIS_Research Centre for Cereal and Industrial Crops in Vercelli, Italy;T;block;P;356.740494504548;329.59375;80.8497043155326;4.21621748791652;0.962802366863905;;;;;;;;178;;;;;0;0.001344086021505;0;;0;;0.001344086021505;;0;;0.001792114695341;;;;0.001075268817204;0.006272401433692;0.000244379276637;0;;;0;;;;26.8834308984474;;0.004032258064516;;0;;0.002688172043011;0.001344086021505;;;;;;0.000537634408602;;0.000384024577573;0.001075268817204;0;0.00089605734767;0;;;0.001344086021505;;0.005376344086022;;0;;NULL;NULL;0.032258064516129;0;;;;;;;;;;;;soil_core;;sequencing;targeted;16S-V3–V4 hypervariable region;GREATERTHANSIGN300_bp;silva;QIIME (Quantitative Insights Into Microbial Ecology) v1.8.0;otu;;composite;;;;;;USDA Classification;;6.26;10.17;;loam;;51.4;;38.8;;;;11.0;10.0;17.1;20.0;1.2;;;;;;;;;cereal;;;No;clear_water;;conventional_farming;;;;;;monoculture;no_drainage;;flood_irrigation;;broadcast_fertilization;;;arable_land;arable_land;arable_land;arable_land;arable_land;arable_land;;;;;;;;;;;;;;;;;;;;;;;2020;RISINNOVA;RISINNOVA -INTEGRATED GENETIC AND GENOMIC APPROACHES FOR NEW ITALIAN RICE BREEDING STRATEGIES;Erica Lumini;erica.lumini@cnr.it;CNR-IPSP;Lumini Erica/Stefano Ghignone;Lumini_Italian Rice Fields_Bacteria and Fungi;Water management and phenology influence the root-associated rice field microbiota;https://doi.org/10.1093/femsec/fiaa158;FEMS Microbiology Ecology;;raw_data_project;fiaa146_96;regional;subsample;Yes;Yes;https://www.ncbi.nlm.nih.gov/bioproject/PRJNA638897;2011-06-20;2011-09-07;8.376486;45.322334;134.0;arable_land;field;6;4;12.9◦C;Meteorological station of Regional Agency for the Protection of the Environment (ARPA Piemonte) at 1.3 km from the field site];791.5 mm;
2011-08-04_D_IT_VC_ROOT_T_Lowland_block_2_P_2;date:2011-08-04T00:00:00:yyyy-MM-dd;D;;VC_ROOT_Lowland_2_2;Lowland;2;2;IT;vc_root;composite;CREA-RIS_Research Centre for Cereal and Industrial Crops in Vercelli, Italy;T;block;P;352.168797947801;302.181818181818;92.8937923283845;4.36145076131925;0.969027160493827;;;;;;;;164;;;;;0;0.002272727272727;0.001515151515152;;0;;0.002272727272727;;0.002727272727273;;0.003030303030303;;;;0.000909090909091;0.002272727272727;0;0;;;0;;;;32.2863520408163;;0;;0;;0.009090909090909;0;;;;;;0;;0.000649350649351;0;0;0;0;;;0.004545454545455;;0;;0;;NULL;NULL;0.002272727272727;0;;;;;;;;;;;;soil_core;;sequencing;targeted;16S-V3–V4 hypervariable region;GREATERTHANSIGN300_bp;silva;QIIME (Quantitative Insights Into Microbial Ecology) v1.8.0;otu;;composite;;;;;;USDA Classification;;6.26;10.17;;loam;;51.4;;38.8;;;;11.0;10.0;17.1;20.0;1.2;;;;;;;;;cereal;;;No;clear_water;;conventional_farming;;;;;;monoculture;no_drainage;;flood_irrigation;;broadcast_fertilization;;;arable_land;arable_land;arable_land;arable_land;arable_land;arable_land;;;;;;;;;;;;;;;;;;;;;;;2020;RISINNOVA;RISINNOVA -INTEGRATED GENETIC AND GENOMIC APPROACHES FOR NEW ITALIAN RICE BREEDING STRATEGIES;Erica Lumini;erica.lumini@cnr.it;CNR-IPSP;Lumini Erica/Stefano Ghignone;Lumini_Italian Rice Fields_Bacteria and Fungi;Water management and phenology influence the root-associated rice field microbiota;https://doi.org/10.1093/femsec/fiaa159;FEMS Microbiology Ecology;;raw_data_project;fiaa146_96;regional;subsample;Yes;Yes;https://www.ncbi.nlm.nih.gov/bioproject/PRJNA638897;2011-06-20;2011-09-07;8.376486;45.322334;134.0;arable_land;field;6;4;12.9◦C;Meteorological station of Regional Agency for the Protection of the Environment (ARPA Piemonte) at 1.3 km from the field site];791.5 mm;
2011-08-04_D_IT_VC_ROOT_T_Lowland_block_2_P_3;date:2011-08-04T00:00:00:yyyy-MM-dd;D;;VC_ROOT_Lowland_2_3;Lowland;2;3;IT;vc_root;composite;CREA-RIS_Research Centre for Cereal and Industrial Crops in Vercelli, Italy;T;block;P;381.187883717982;312.37037037037;90.6876604715023;4.33005248407749;0.973121455576559;;;;;;;;147;;;;;0;0;0;;0.021052631578947;;0.002631578947368;;0.001052631578947;;0;;;;0.001052631578947;0.000877192982456;0.000478468899522;0;;;0;;;;37.2043956043956;;0;;0;;0;0;;;;;;0.001052631578947;;0.000751879699248;0.000701754385965;0;0;0;;;0;;0;;0;;NULL;NULL;0.015789473684211;0;;;;;;;;;;;;soil_core;;sequencing;targeted;16S-V3–V4 hypervariable region;GREATERTHANSIGN300_bp;silva;QIIME (Quantitative Insights Into Microbial Ecology) v1.8.0;otu;;composite;;;;;;USDA Classification;;6.26;10.17;;loam;;51.4;;38.8;;;;11.0;10.0;17.1;20.0;1.2;;;;;;;;;cereal;;;No;clear_water;;conventional_farming;;;;;;monoculture;no_drainage;;flood_irrigation;;broadcast_fertilization;;;arable_land;arable_land;arable_land;arable_land;arable_land;arable_land;;;;;;;;;;;;;;;;;;;;;;;2020;RISINNOVA;RISINNOVA -INTEGRATED GENETIC AND GENOMIC APPROACHES FOR NEW ITALIAN RICE BREEDING STRATEGIES;Erica Lumini;erica.lumini@cnr.it;CNR-IPSP;Lumini Erica/Stefano Ghignone;Lumini_Italian Rice Fields_Bacteria and Fungi;Water management and phenology influence the root-associated rice field microbiota;https://doi.org/10.1093/femsec/fiaa160;FEMS Microbiology Ecology;;raw_data_project;fiaa146_96;regional;subsample;Yes;Yes;https://www.ncbi.nlm.nih.gov/bioproject/PRJNA638897;2011-06-20;2011-09-07;8.376486;45.322334;134.0;arable_land;field;6;4;12.9◦C;Meteorological station of Regional Agency for the Protection of the Environment (ARPA Piemonte) at 1.3 km from the field site];791.5 mm;
2011-08-04_D_IT_VC_ROOT_T_Upland_block_2_P_1;date:2011-08-04T00:00:00:yyyy-MM-dd;D;;VC_ROOT_upland_2_1;Upland;2;1;IT;vc_root;composite;CREA-RIS_Research Centre for Cereal and Industrial Crops in Vercelli, Italy;T;block;P;452.552997144746;397.936170212766;112.952433992341;4.53171300209557;0.973039268423884;;;;;;;;225;;;;;0;0;0.002534854245881;;0.011406844106464;;0.00063371356147;;0.003041825095057;;0.004435994930292;;;;0;0.000316856780735;0.00103698582786;0.001901140684411;;;0;;;;37.0909816440543;;0;;0.001901140684411;;0.005703422053232;0.000950570342205;;;;;;0.000380228136882;;0.002172732210755;0.00126742712294;0.001901140684411;0.020595690747782;0.007604562737643;;;0.01425855513308;;0;;0;;NULL;NULL;0;0;;;;;;;;;;;;soil_core;;sequencing;targeted;16S-V3–V4 hypervariable region;GREATERTHANSIGN300_bp;silva;QIIME (Quantitative Insights Into Microbial Ecology) v1.8.0;otu;;composite;;;;;;USDA Classification;;6.46;11.4;;loam;;44.0;;46.9;;;;11.0;8.8;15.1;20.0;1.2;;;;;;;;;cereal;;;No;clear_water;;conventional_farming;;;;;;monoculture;subsurface_drainage;;flood_irrigation;;broadcast_fertilization;;;arable_land;arable_land;arable_land;arable_land;arable_land;arable_land;;;;;;;;;;;;;;;;;;;;;;;2020;RISINNOVA;RISINNOVA -INTEGRATED GENETIC AND GENOMIC APPROACHES FOR NEW ITALIAN RICE BREEDING STRATEGIES;Erica Lumini;erica.lumini@cnr.it;CNR-IPSP;Lumini Erica/Stefano Ghignone;Lumini_Italian Rice Fields_Bacteria and Fungi;Water management and phenology influence the root-associated rice field microbiota;https://doi.org/10.1093/femsec/fiaa176;FEMS Microbiology Ecology;;raw_data_project;fiaa146_96;regional;subsample;Yes;Yes;https://www.ncbi.nlm.nih.gov/bioproject/PRJNA638897;2011-06-20;2011-09-07;8.376486;45.322334;140.0;arable_land;field;6;4;12.9◦C;Meteorological station of Regional Agency for the Protection of the Environment (ARPA Piemonte) at 1.3 km from the field site];791.5 mm;
2011-08-04_D_IT_VC_ROOT_T_Upland_block_2_P_2;date:2011-08-04T00:00:00:yyyy-MM-dd;D;;VC_ROOT_upland_2_2;Upland;2;2;IT;vc_root;composite;CREA-RIS_Research Centre for Cereal and Industrial Crops in Vercelli, Italy;T;block;P;433.079201124606;392.5;105.788381086577;4.56211946310166;0.97598186182096;;;;;;;;214;;;;;0.002028397565923;0;0.001352265043949;;0.028397565922921;;0.000338066260987;;0.001217038539554;;0;;;;0;0.000338066260987;0.002581596902084;0.004056795131846;;;0;;;;41.6352005532503;;0.001014198782961;;0.002028397565923;;0.006085192697769;0.001014198782961;;;;;;0;;0.003477252970154;0.003380662609872;0.002028397565923;0.010818120351589;0;;;0.001014198782961;;0;;0.001014198782961;;NULL;NULL;0.001014198782961;0;;;;;;;;;;;;soil_core;;sequencing;targeted;16S-V3–V4 hypervariable region;GREATERTHANSIGN300_bp;silva;QIIME (Quantitative Insights Into Microbial Ecology) v1.8.0;otu;;composite;;;;;;USDA Classification;;6.46;11.4;;loam;;44.0;;46.9;;;;11.0;8.8;15.1;20.0;1.2;;;;;;;;;cereal;;;No;clear_water;;conventional_farming;;;;;;monoculture;subsurface_drainage;;flood_irrigation;;broadcast_fertilization;;;arable_land;arable_land;arable_land;arable_land;arable_land;arable_land;;;;;;;;;;;;;;;;;;;;;;;2020;RISINNOVA;RISINNOVA -INTEGRATED GENETIC AND GENOMIC APPROACHES FOR NEW ITALIAN RICE BREEDING STRATEGIES;Erica Lumini;erica.lumini@cnr.it;CNR-IPSP;Lumini Erica/Stefano Ghignone;Lumini_Italian Rice Fields_Bacteria and Fungi;Water management and phenology influence the root-associated rice field microbiota;https://doi.org/10.1093/femsec/fiaa177;FEMS Microbiology Ecology;;raw_data_project;fiaa146_96;regional;subsample;Yes;Yes;https://www.ncbi.nlm.nih.gov/bioproject/PRJNA638897;2011-06-20;2011-09-07;8.376486;45.322334;140.0;arable_land;field;6;4;12.9◦C;Meteorological station of Regional Agency for the Protection of the Environment (ARPA Piemonte) at 1.3 km from the field site];791.5 mm;
2011-08-04_D_IT_VC_ROOT_T_Upland_block_2_P_3;date:2011-08-04T00:00:00:yyyy-MM-dd;D;;VC_ROOT_upland_2_3;Upland;2;3;IT;vc_root;composite;CREA-RIS_Research Centre for Cereal and Industrial Crops in Vercelli, Italy;T;block;P;429.506732874742;360.362068965517;119.008756308429;4.58041998525919;0.971819083515176;;;;;;;;231;;;;;0.001988071570577;0;0.002650762094102;;0.015904572564612;;0.002982107355865;;0;;0.000662690523526;;;;0;0.000662690523526;0.00271100668715;0.003976143141153;;;0;;;;35.4850063353513;;0;;0;;0;0.000994035785288;;;;;;0;;0.00142005112184;0.001722995361166;0.001988071570577;0.021206096752816;0;;;0.016898608349901;;0;;0;;NULL;NULL;0;0.001325381047051;;;;;;;;;;;;soil_core;;sequencing;targeted;16S-V3–V4 hypervariable region;GREATERTHANSIGN300_bp;silva;QIIME (Quantitative Insights Into Microbial Ecology) v1.8.0;otu;;composite;;;;;;USDA Classification;;6.46;11.4;;loam;;44.0;;46.9;;;;11.0;8.8;15.1;20.0;1.2;;;;;;;;;cereal;;;No;clear_water;;conventional_farming;;;;;;monoculture;subsurface_drainage;;flood_irrigation;;broadcast_fertilization;;;arable_land;arable_land;arable_land;arable_land;arable_land;arable_land;;;;;;;;;;;;;;;;;;;;;;;2020;RISINNOVA;RISINNOVA -INTEGRATED GENETIC AND GENOMIC APPROACHES FOR NEW ITALIAN RICE BREEDING STRATEGIES;Erica Lumini;erica.lumini@cnr.it;CNR-IPSP;Lumini Erica/Stefano Ghignone;Lumini_Italian Rice Fields_Bacteria and Fungi;Water management and phenology influence the root-associated rice field microbiota;https://doi.org/10.1093/femsec/fiaa178;FEMS Microbiology Ecology;;raw_data_project;fiaa146_96;regional;subsample;Yes;Yes;https://www.ncbi.nlm.nih.gov/bioproject/PRJNA638897;2011-06-20;2011-09-07;8.376486;45.322334;140.0;arable_land;field;6;4;12.9◦C;Meteorological station of Regional Agency for the Protection of the Environment (ARPA Piemonte) at 1.3 km from the field site];791.5 mm;
2011-08-04_D_IT_VC_SOIL_T_Lowland_block_2_P_1;date:2011-08-04T00:00:00:yyyy-MM-dd;D;;VC_SOIL_Lowland_2_1;Lowland;2;1;IT;vc_soil;composite;CREA-RIS_Research Centre for Cereal and Industrial Crops in Vercelli, Italy;T;block;P;1149.60541394425;1135.52173913043;294.668565811221;5.74847284879764;0.991249709599354;;;;;;;;868;;;;;0;0.001043841336117;0.001391788448156;;0;;0.004175365344468;;0.002505219206681;;0.003131524008351;;;;0.00187891440501;0.001043841336117;0.001518314670716;0;;;0.006132567849687;;;;114.281921423565;;0;;0.001043841336117;;0.002087682672234;0.005219206680585;;;;;;0.001043841336117;;0.000149120190874;0.000487125956855;0;0.000869867780097;0;;;0.002087682672234;;0;;0.004697286012526;;NULL;NULL;0.000521920668058;0.000347947112039;;;;;;;;;;;;soil_core;;sequencing;targeted;16S-V3–V4 hypervariable region;GREATERTHANSIGN300_bp;silva;QIIME (Quantitative Insights Into Microbial Ecology) v1.8.0;otu;;composite;;;;;;USDA Classification;;6.26;10.17;;loam;;51.4;;38.8;;;;11.0;10.0;17.1;20.0;1.2;;;;;;;;;cereal;;;No;clear_water;;conventional_farming;;;;;;monoculture;no_drainage;;flood_irrigation;;broadcast_fertilization;;;arable_land;arable_land;arable_land;arable_land;arable_land;arable_land;;;;;;;;;;;;;;;;;;;;;;;2020;RISINNOVA;RISINNOVA -INTEGRATED GENETIC AND GENOMIC APPROACHES FOR NEW ITALIAN RICE BREEDING STRATEGIES;Erica Lumini;erica.lumini@cnr.it;CNR-IPSP;Lumini Erica/Stefano Ghignone;Lumini_Italian Rice Fields_Bacteria and Fungi;Water management and phenology influence the root-associated rice field microbiota;https://doi.org/10.1093/femsec/fiaa149;FEMS Microbiology Ecology;;raw_data_project;fiaa146_96;regional;subsample;Yes;Yes;https://www.ncbi.nlm.nih.gov/bioproject/PRJNA638897;2011-06-20;2011-09-07;8.376486;45.322334;134.0;arable_land;field;6;4;12.9◦C;Meteorological station of Regional Agency for the Protection of the Environment (ARPA Piemonte) at 1.3 km from the field site];791.5 mm;
2011-08-04_D_IT_VC_SOIL_T_Lowland_block_2_P_2;date:2011-08-04T00:00:00:yyyy-MM-dd;D;;VC_SOIL_Lowland_2_2;Lowland;2;2;IT;vc_soil;composite;CREA-RIS_Research Centre for Cereal and Industrial Crops in Vercelli, Italy;T;block;P;727.815240907742;672.584415584416;214.59211387309;5.40523583761642;0.991563851851852;;;;;;;;393;;;;;0;0;0.002389486260454;;0;;0.005973715651135;;0.003584229390681;;0.001792114695341;;;;0.000358422939068;0.001194743130227;0.000325839035516;0;;;0.005824372759857;;;;118.537510536668;;0;;0;;0.003584229390681;0.003584229390681;;;;;;0.002150537634409;;0.000512032770097;0.000477897252091;0;0.005376344086022;0;;;0;;0;;0.003584229390681;;NULL;NULL;0;0;;;;;;;;;;;;soil_core;;sequencing;targeted;16S-V3–V4 hypervariable region;GREATERTHANSIGN300_bp;silva;QIIME (Quantitative Insights Into Microbial Ecology) v1.8.0;otu;;composite;;;;;;USDA Classification;;6.26;10.17;;loam;;51.4;;38.8;;;;11.0;10.0;17.1;20.0;1.2;;;;;;;;;cereal;;;No;clear_water;;conventional_farming;;;;;;monoculture;no_drainage;;flood_irrigation;;broadcast_fertilization;;;arable_land;arable_land;arable_land;arable_land;arable_land;arable_land;;;;;;;;;;;;;;;;;;;;;;;2020;RISINNOVA;RISINNOVA -INTEGRATED GENETIC AND GENOMIC APPROACHES FOR NEW ITALIAN RICE BREEDING STRATEGIES;Erica Lumini;erica.lumini@cnr.it;CNR-IPSP;Lumini Erica/Stefano Ghignone;Lumini_Italian Rice Fields_Bacteria and Fungi;Water management and phenology influence the root-associated rice field microbiota;https://doi.org/10.1093/femsec/fiaa150;FEMS Microbiology Ecology;;raw_data_project;fiaa146_96;regional;subsample;Yes;Yes;https://www.ncbi.nlm.nih.gov/bioproject/PRJNA638897;2011-06-20;2011-09-07;8.376486;45.322334;134.0;arable_land;field;6;4;12.9◦C;Meteorological station of Regional Agency for the Protection of the Environment (ARPA Piemonte) at 1.3 km from the field site];791.5 mm;
2011-08-04_D_IT_VC_SOIL_T_Lowland_block_2_P_3;date:2011-08-04T00:00:00:yyyy-MM-dd;D;;VC_SOIL_Lowland_2_3;Lowland;2;3;IT;vc_soil;composite;CREA-RIS_Research Centre for Cereal and Industrial Crops in Vercelli, Italy;T;block;P;1060.65148785848;986.78431372549;296.944815602741;5.82543834858423;0.993389307414463;;;;;;;;711;;;;;0;0.000726744186047;0.000484496124031;;0.002906976744186;;0.004602713178295;;0.004651162790698;;0.003149224806202;;;;0.000872093023256;0.001453488372093;0.001321353065539;0;;;0.003997093023256;;;;151.270080564296;;0;;0;;0;0.00218023255814;;;;;;0.001162790697674;;0.002491694352159;0.001453488372093;0;0.000242248062016;0;;;0.003633720930233;;0.001453488372093;;0;;NULL;NULL;0;0.001937984496124;;;;;;;;;;;;soil_core;;sequencing;targeted;16S-V3–V4 hypervariable region;GREATERTHANSIGN300_bp;silva;QIIME (Quantitative Insights Into Microbial Ecology) v1.8.0;otu;;composite;;;;;;USDA Classification;;6.26;10.17;;loam;;51.4;;38.8;;;;11.0;10.0;17.1;20.0;1.2;;;;;;;;;cereal;;;No;clear_water;;conventional_farming;;;;;;monoculture;no_drainage;;flood_irrigation;;broadcast_fertilization;;;arable_land;arable_land;arable_land;arable_land;arable_land;arable_land;;;;;;;;;;;;;;;;;;;;;;;2020;RISINNOVA;RISINNOVA -INTEGRATED GENETIC AND GENOMIC APPROACHES FOR NEW ITALIAN RICE BREEDING STRATEGIES;Erica Lumini;erica.lumini@cnr.it;CNR-IPSP;Lumini Erica/Stefano Ghignone;Lumini_Italian Rice Fields_Bacteria and Fungi;Water management and phenology influence the root-associated rice field microbiota;https://doi.org/10.1093/femsec/fiaa151;FEMS Microbiology Ecology;;raw_data_project;fiaa146_96;regional;subsample;Yes;Yes;https://www.ncbi.nlm.nih.gov/bioproject/PRJNA638897;2011-06-20;2011-09-07;8.376486;45.322334;134.0;arable_land;field;6;4;12.9◦C;Meteorological station of Regional Agency for the Protection of the Environment (ARPA Piemonte) at 1.3 km from the field site];791.5 mm;
2011-08-04_D_IT_VC_SOIL_T_Upland_block_2_P_1;date:2011-08-04T00:00:00:yyyy-MM-dd;D;;VC_SOIL_upland_2_1;Upland;2;1;IT;vc_soil;composite;CREA-RIS_Research Centre for Cereal and Industrial Crops in Vercelli, Italy;T;block;P;932.551637116024;873.241071428571;277.761078211931;5.65533236131238;0.992361180729508;;;;;;;;549;;;;;0;0.002816901408451;0.0018779342723;;0.002816901408451;;0.005633802816901;;0.003380281690141;;0.003755868544601;;;;0.003098591549296;0.007981220657277;0.002048655569782;0;;;0.004577464788732;;;;130.910283983672;;0;;0;;0.005633802816901;0.009859154929577;;;;;;0.003943661971831;;0.002012072434608;0.003380281690141;0;0.000469483568075;0;;;0.001408450704225;;0;;0.005633802816901;;NULL;NULL;0.001408450704225;0;;;;;;;;;;;;soil_core;;sequencing;targeted;16S-V3–V4 hypervariable region;GREATERTHANSIGN300_bp;silva;QIIME (Quantitative Insights Into Microbial Ecology) v1.8.0;otu;;composite;;;;;;USDA Classification;;6.46;11.4;;loam;;44.0;;46.9;;;;11.0;8.8;15.1;20.0;1.2;;;;;;;;;cereal;;;No;clear_water;;conventional_farming;;;;;;monoculture;subsurface_drainage;;flood_irrigation;;broadcast_fertilization;;;arable_land;arable_land;arable_land;arable_land;arable_land;arable_land;;;;;;;;;;;;;;;;;;;;;;;2020;RISINNOVA;RISINNOVA -INTEGRATED GENETIC AND GENOMIC APPROACHES FOR NEW ITALIAN RICE BREEDING STRATEGIES;Erica Lumini;erica.lumini@cnr.it;CNR-IPSP;Lumini Erica/Stefano Ghignone;Lumini_Italian Rice Fields_Bacteria and Fungi;Water management and phenology influence the root-associated rice field microbiota;https://doi.org/10.1093/femsec/fiaa167;FEMS Microbiology Ecology;;raw_data_project;fiaa146_96;regional;subsample;Yes;Yes;https://www.ncbi.nlm.nih.gov/bioproject/PRJNA638897;2011-06-20;2011-09-07;8.376486;45.322334;140.0;arable_land;field;6;4;12.9◦C;Meteorological station of Regional Agency for the Protection of the Environment (ARPA Piemonte) at 1.3 km from the field site];791.5 mm;
2011-08-04_D_IT_VC_SOIL_T_Upland_block_2_P_2;date:2011-08-04T00:00:00:yyyy-MM-dd;D;;VC_SOIL_upland_2_2;Upland;2;2;IT;vc_soil;composite;CREA-RIS_Research Centre for Cereal and Industrial Crops in Vercelli, Italy;T;block;P;993.516842114032;925.051282051282;276.989088570483;5.68144958496278;0.99278488930323;;;;;;;;584;;;;;0;0.001288659793814;0.00085910652921;;0.002577319587629;;0.003865979381443;;0.00360824742268;;0.006872852233677;;;;0.001546391752577;0.003006872852234;0.002343017806935;0;;;0.004510309278351;;;;138.598012147985;;0.001288659793814;;0.002577319587629;;0.02319587628866;0.006443298969072;;;;;;0.002577319587629;;0;0.005498281786942;0;0.001718213058419;0;;;0.006443298969072;;0;;0;;NULL;NULL;0;0.00085910652921;;;;;;;;;;;;soil_core;;sequencing;targeted;16S-V3–V4 hypervariable region;GREATERTHANSIGN300_bp;silva;QIIME (Quantitative Insights Into Microbial Ecology) v1.8.0;otu;;composite;;;;;;USDA Classification;;6.46;11.4;;loam;;44.0;;46.9;;;;11.0;8.8;15.1;20.0;1.2;;;;;;;;;cereal;;;No;clear_water;;conventional_farming;;;;;;monoculture;subsurface_drainage;;flood_irrigation;;broadcast_fertilization;;;arable_land;arable_land;arable_land;arable_land;arable_land;arable_land;;;;;;;;;;;;;;;;;;;;;;;2020;RISINNOVA;RISINNOVA -INTEGRATED GENETIC AND GENOMIC APPROACHES FOR NEW ITALIAN RICE BREEDING STRATEGIES;Erica Lumini;erica.lumini@cnr.it;CNR-IPSP;Lumini Erica/Stefano Ghignone;Lumini_Italian Rice Fields_Bacteria and Fungi;Water management and phenology influence the root-associated rice field microbiota;https://doi.org/10.1093/femsec/fiaa168;FEMS Microbiology Ecology;;raw_data_project;fiaa146_96;regional;subsample;Yes;Yes;https://www.ncbi.nlm.nih.gov/bioproject/PRJNA638897;2011-06-20;2011-09-07;8.376486;45.322334;140.0;arable_land;field;6;4;12.9◦C;Meteorological station of Regional Agency for the Protection of the Environment (ARPA Piemonte) at 1.3 km from the field site];791.5 mm;
2011-08-04_D_IT_VC_SOIL_T_Upland_block_2_P_3;date:2011-08-04T00:00:00:yyyy-MM-dd;D;;VC_SOIL_upland_2_3;Upland;2;3;IT;vc_soil;composite;CREA-RIS_Research Centre for Cereal and Industrial Crops in Vercelli, Italy;T;block;P;989.595253416128;964.590909090909;289.483568305135;5.70357215727735;0.991303671924576;;;;;;;;658;;;;;0;0.000978473581213;0.001304631441618;;0;;0.001304631441618;;0.002739726027397;;0.004240052185258;;;;0.001956947162427;0.001956947162427;0.003558085749867;0.001956947162427;;;0.00220156555773;;;;114.991061897266;;0;;0.00587084148728;;0.003913894324853;0.004892367906067;;;;;;0.004305283757339;;0.00335476656416;0.00365296803653;0;0.000652315720809;0;;;0.001956947162427;;0;;0.00293542074364;;NULL;NULL;0;0.000652315720809;;;;;;;;;;;;soil_core;;sequencing;targeted;16S-V3–V4 hypervariable region;GREATERTHANSIGN300_bp;silva;QIIME (Quantitative Insights Into Microbial Ecology) v1.8.0;otu;;composite;;;;;;USDA Classification;;6.46;11.4;;loam;;44.0;;46.9;;;;11.0;8.8;15.1;20.0;1.2;;;;;;;;;cereal;;;No;clear_water;;conventional_farming;;;;;;monoculture;subsurface_drainage;;flood_irrigation;;broadcast_fertilization;;;arable_land;arable_land;arable_land;arable_land;arable_land;arable_land;;;;;;;;;;;;;;;;;;;;;;;2020;RISINNOVA;RISINNOVA -INTEGRATED GENETIC AND GENOMIC APPROACHES FOR NEW ITALIAN RICE BREEDING STRATEGIES;Erica Lumini;erica.lumini@cnr.it;CNR-IPSP;Lumini Erica/Stefano Ghignone;Lumini_Italian Rice Fields_Bacteria and Fungi;Water management and phenology influence the root-associated rice field microbiota;https://doi.org/10.1093/femsec/fiaa169;FEMS Microbiology Ecology;;raw_data_project;fiaa146_96;regional;subsample;Yes;Yes;https://www.ncbi.nlm.nih.gov/bioproject/PRJNA638897;2011-06-20;2011-09-07;8.376486;45.322334;140.0;arable_land;field;6;4;12.9◦C;Meteorological station of Regional Agency for the Protection of the Environment (ARPA Piemonte) at 1.3 km from the field site];791.5 mm;
2011-09-07_D_IT_VC_ROOT_T_Lowland_block_3_P_1;date:2011-09-07T00:00:00:yyyy-MM-dd;D;;VC_ROOT_Lowland_3_1;Lowland;3;1;IT;vc_root;composite;CREA-RIS_Research Centre for Cereal and Industrial Crops in Vercelli, Italy;T;block;P;283.758619741209;250.055555555556;66.248694879241;4.08174985653103;0.965928548963878;;;;;;;;112;;;;;0;0;0;;0;;0.004604051565378;;0.001104972375691;;0.000920810313076;;;;0;0.000920810313076;0;0;;;0;;;;29.3500854700855;;0;;0;;0;0;;;;;;0;;0;0;0;0;0;;;0.013812154696133;;0;;0;;NULL;NULL;0.104972375690608;0.001841620626151;;;;;;;;;;;;soil_core;;sequencing;targeted;16S-V3–V4 hypervariable region;GREATERTHANSIGN300_bp;silva;QIIME (Quantitative Insights Into Microbial Ecology) v1.8.0;otu;;composite;;;;;;USDA Classification;;6.26;10.17;;loam;;51.4;;38.8;;;;11.0;10.0;17.1;20.0;1.2;;;;;;;;;cereal;;;No;clear_water;;conventional_farming;;;;;;monoculture;no_drainage;;flood_irrigation;;broadcast_fertilization;;;arable_land;arable_land;arable_land;arable_land;arable_land;arable_land;;;;;;;;;;;;;;;;;;;;;;;2020;RISINNOVA;RISINNOVA -INTEGRATED GENETIC AND GENOMIC APPROACHES FOR NEW ITALIAN RICE BREEDING STRATEGIES;Erica Lumini;erica.lumini@cnr.it;CNR-IPSP;Lumini Erica/Stefano Ghignone;Lumini_Italian Rice Fields_Bacteria and Fungi;Water management and phenology influence the root-associated rice field microbiota;https://doi.org/10.1093/femsec/fiaa161;FEMS Microbiology Ecology;;raw_data_project;fiaa146_96;regional;subsample;Yes;Yes;https://www.ncbi.nlm.nih.gov/bioproject/PRJNA638897;2011-06-20;2011-09-07;8.376486;45.322334;134.0;arable_land;field;6;4;12.9◦C;Meteorological station of Regional Agency for the Protection of the Environment (ARPA Piemonte) at 1.3 km from the field site];791.5 mm;
2011-09-07_D_IT_VC_ROOT_T_Lowland_block_3_P_2;date:2011-09-07T00:00:00:yyyy-MM-dd;D;;VC_ROOT_Lowland_3_2;Lowland;3;2;IT;vc_root;composite;CREA-RIS_Research Centre for Cereal and Industrial Crops in Vercelli, Italy;T;block;P;398.066859569306;389.025641025641;106.09224537202;4.59833975075434;0.975867281558613;;;;;;;;218;;;;;0;0;0;;0;;0.001799856011519;;0.000863930885529;;0.001439884809215;;;;0.001295896328294;0.001079913606911;0;0.002159827213823;;;0;;;;41.437519872814;;0;;0;;0;0;;;;;;0.000431965442765;;0.002159827213823;0.000287976961843;0;0.001439884809215;0;;;0.006479481641469;;0;;0.003239740820734;;NULL;NULL;0.069114470842333;0;;;;;;;;;;;;soil_core;;sequencing;targeted;16S-V3–V4 hypervariable region;GREATERTHANSIGN300_bp;silva;QIIME (Quantitative Insights Into Microbial Ecology) v1.8.0;otu;;composite;;;;;;USDA Classification;;6.26;10.17;;loam;;51.4;;38.8;;;;11.0;10.0;17.1;20.0;1.2;;;;;;;;;cereal;;;No;clear_water;;conventional_farming;;;;;;monoculture;no_drainage;;flood_irrigation;;broadcast_fertilization;;;arable_land;arable_land;arable_land;arable_land;arable_land;arable_land;;;;;;;;;;;;;;;;;;;;;;;2020;RISINNOVA;RISINNOVA -INTEGRATED GENETIC AND GENOMIC APPROACHES FOR NEW ITALIAN RICE BREEDING STRATEGIES;Erica Lumini;erica.lumini@cnr.it;CNR-IPSP;Lumini Erica/Stefano Ghignone;Lumini_Italian Rice Fields_Bacteria and Fungi;Water management and phenology influence the root-associated rice field microbiota;https://doi.org/10.1093/femsec/fiaa162;FEMS Microbiology Ecology;;raw_data_project;fiaa146_96;regional;subsample;Yes;Yes;https://www.ncbi.nlm.nih.gov/bioproject/PRJNA638897;2011-06-20;2011-09-07;8.376486;45.322334;134.0;arable_land;field;6;4;12.9◦C;Meteorological station of Regional Agency for the Protection of the Environment (ARPA Piemonte) at 1.3 km from the field site];791.5 mm;
2011-09-07_D_IT_VC_ROOT_T_Lowland_block_3_P_3;date:2011-09-07T00:00:00:yyyy-MM-dd;D;;VC_ROOT_Lowland_3_3;Lowland;3;3;IT;vc_root;composite;CREA-RIS_Research Centre for Cereal and Industrial Crops in Vercelli, Italy;T;block;P;234.213789589929;227.25;57.7030940182243;3.90165654326054;0.943620723458484;;;;;;;;120;;;;;0;0;0;;0;;0.002478314745973;;0.06542750929368;;0;;;;0.000371747211896;0.001239157372986;0;0;;;0;;;;17.7370136926755;;0;;0;;0.011152416356877;0;;;;;;0;;0;0.002230483271375;0;0;0;;;0;;0;;0;;NULL;NULL;0.003717472118959;0;;;;;;;;;;;;soil_core;;sequencing;targeted;16S-V3–V4 hypervariable region;GREATERTHANSIGN300_bp;silva;QIIME (Quantitative Insights Into Microbial Ecology) v1.8.0;otu;;composite;;;;;;USDA Classification;;6.26;10.17;;loam;;51.4;;38.8;;;;11.0;10.0;17.1;20.0;1.2;;;;;;;;;cereal;;;No;clear_water;;conventional_farming;;;;;;monoculture;no_drainage;;flood_irrigation;;broadcast_fertilization;;;arable_land;arable_land;arable_land;arable_land;arable_land;arable_land;;;;;;;;;;;;;;;;;;;;;;;2020;RISINNOVA;RISINNOVA -INTEGRATED GENETIC AND GENOMIC APPROACHES FOR NEW ITALIAN RICE BREEDING STRATEGIES;Erica Lumini;erica.lumini@cnr.it;CNR-IPSP;Lumini Erica/Stefano Ghignone;Lumini_Italian Rice Fields_Bacteria and Fungi;Water management and phenology influence the root-associated rice field microbiota;https://doi.org/10.1093/femsec/fiaa163;FEMS Microbiology Ecology;;raw_data_project;fiaa146_96;regional;subsample;Yes;Yes;https://www.ncbi.nlm.nih.gov/bioproject/PRJNA638897;2011-06-20;2011-09-07;8.376486;45.322334;134.0;arable_land;field;6;4;12.9◦C;Meteorological station of Regional Agency for the Protection of the Environment (ARPA Piemonte) at 1.3 km from the field site];791.5 mm;
2011-09-07_D_IT_VC_ROOT_T_Upland_block_3_P_1;date:2011-09-07T00:00:00:yyyy-MM-dd;D;;VC_ROOT_upland_3_1;Upland;3;1;IT;vc_root;composite;CREA-RIS_Research Centre for Cereal and Industrial Crops in Vercelli, Italy;T;block;P;226.593232465412;192;58.5502877388787;4.09774946966792;0.965772594752187;;;;;;;;131;;;;;0.002369668246446;0;0.000789889415482;;0.040284360189574;;0.000394944707741;;0.003317535545024;;0;;;;0;0.001184834123223;0.007970702283498;0.009478672985782;;;0;;;;29.2163543441227;;0;;0;;0;0;;;;;;0;;0.000338524035207;0.00173775671406;0.014218009478673;0.030805687203792;0;;;0.011848341232228;;0;;0;;NULL;NULL;0;0;;;;;;;;;;;;soil_core;;sequencing;targeted;16S-V3–V4 hypervariable region;GREATERTHANSIGN300_bp;silva;QIIME (Quantitative Insights Into Microbial Ecology) v1.8.0;otu;;composite;;;;;;USDA Classification;;6.46;11.4;;loam;;44.0;;46.9;;;;11.0;8.8;15.1;20.0;1.2;;;;;;;;;cereal;;;No;clear_water;;conventional_farming;;;;;;monoculture;subsurface_drainage;;flood_irrigation;;broadcast_fertilization;;;arable_land;arable_land;arable_land;arable_land;arable_land;arable_land;;;;;;;;;;;;;;;;;;;;;;;2020;RISINNOVA;RISINNOVA -INTEGRATED GENETIC AND GENOMIC APPROACHES FOR NEW ITALIAN RICE BREEDING STRATEGIES;Erica Lumini;erica.lumini@cnr.it;CNR-IPSP;Lumini Erica/Stefano Ghignone;Lumini_Italian Rice Fields_Bacteria and Fungi;Water management and phenology influence the root-associated rice field microbiota;https://doi.org/10.1093/femsec/fiaa179;FEMS Microbiology Ecology;;raw_data_project;fiaa146_96;regional;subsample;Yes;Yes;https://www.ncbi.nlm.nih.gov/bioproject/PRJNA638897;2011-06-20;2011-09-07;8.376486;45.322334;140.0;arable_land;field;6;4;12.9◦C;Meteorological station of Regional Agency for the Protection of the Environment (ARPA Piemonte) at 1.3 km from the field site];791.5 mm;
2011-09-07_D_IT_VC_ROOT_T_Upland_block_3_P_2;date:2011-09-07T00:00:00:yyyy-MM-dd;D;;VC_ROOT_upland_3_2;Upland;3;2;IT;vc_root;composite;CREA-RIS_Research Centre for Cereal and Industrial Crops in Vercelli, Italy;T;block;P;381.8264014031;393.153846153846;85.1968679103835;4.48471025149005;0.976803266918321;;;;;;;;245;;;;;0.001757469244288;0;0.001757469244288;;0.038664323374341;;0.001025190392501;;0.000878734622144;;0.000146455770357;;;;0.000263620386643;0.000585823081429;0.005512062629813;0.01493848857645;;;0.000109841827768;;;;43.109518761925;;0;;0.000878734622144;;0.004393673110721;0.000878734622144;;;;;;0.000527240773286;;0.003389404971127;0.004335090802578;0.000878734622144;0.018160515524312;0;;;0.007469244288225;;0;;0;;NULL;NULL;0;0.000292911540715;;;;;;;;;;;;soil_core;;sequencing;targeted;16S-V3–V4 hypervariable region;GREATERTHANSIGN300_bp;silva;QIIME (Quantitative Insights Into Microbial Ecology) v1.8.0;otu;;composite;;;;;;USDA Classification;;6.46;11.4;;loam;;44.0;;46.9;;;;11.0;8.8;15.1;20.0;1.2;;;;;;;;;cereal;;;No;clear_water;;conventional_farming;;;;;;monoculture;subsurface_drainage;;flood_irrigation;;broadcast_fertilization;;;arable_land;arable_land;arable_land;arable_land;arable_land;arable_land;;;;;;;;;;;;;;;;;;;;;;;2020;RISINNOVA;RISINNOVA -INTEGRATED GENETIC AND GENOMIC APPROACHES FOR NEW ITALIAN RICE BREEDING STRATEGIES;Erica Lumini;erica.lumini@cnr.it;CNR-IPSP;Lumini Erica/Stefano Ghignone;Lumini_Italian Rice Fields_Bacteria and Fungi;Water management and phenology influence the root-associated rice field microbiota;https://doi.org/10.1093/femsec/fiaa180;FEMS Microbiology Ecology;;raw_data_project;fiaa146_96;regional;subsample;Yes;Yes;https://www.ncbi.nlm.nih.gov/bioproject/PRJNA638897;2011-06-20;2011-09-07;8.376486;45.322334;140.0;arable_land;field;6;4;12.9◦C;Meteorological station of Regional Agency for the Protection of the Environment (ARPA Piemonte) at 1.3 km from the field site];791.5 mm;
2011-09-07_D_IT_VC_ROOT_T_Upland_block_3_P_3;date:2011-09-07T00:00:00:yyyy-MM-dd;D;;VC_ROOT_upland_3_3;Upland;3;3;IT;vc_root;composite;CREA-RIS_Research Centre for Cereal and Industrial Crops in Vercelli, Italy;T;block;P;404.960259315226;345.789473684211;70.4900616848446;4.09122756310556;0.966947808535179;;;;;;;;135;;;;;0.003521126760563;0;0.001173708920188;;0.042253521126761;;0.000586854460094;;0.001408450704225;;0;;;;0;0.000586854460094;0.008642765685019;0;;;0;;;;30.2551799345692;;0;;0;;0.003521126760563;0;;;;;;0;;0.000503018108652;0.0018779342723;0.003521126760563;0.019953051643193;0;;;0.005281690140845;;0;;0;;NULL;NULL;0;0;;;;;;;;;;;;soil_core;;sequencing;targeted;16S-V3–V4 hypervariable region;GREATERTHANSIGN300_bp;silva;QIIME (Quantitative Insights Into Microbial Ecology) v1.8.0;otu;;composite;;;;;;USDA Classification;;6.46;11.4;;loam;;44.0;;46.9;;;;11.0;8.8;15.1;20.0;1.2;;;;;;;;;cereal;;;No;clear_water;;conventional_farming;;;;;;monoculture;subsurface_drainage;;flood_irrigation;;broadcast_fertilization;;;arable_land;arable_land;arable_land;arable_land;arable_land;arable_land;;;;;;;;;;;;;;;;;;;;;;;2020;RISINNOVA;RISINNOVA -INTEGRATED GENETIC AND GENOMIC APPROACHES FOR NEW ITALIAN RICE BREEDING STRATEGIES;Erica Lumini;erica.lumini@cnr.it;CNR-IPSP;Lumini Erica/Stefano Ghignone;Lumini_Italian Rice Fields_Bacteria and Fungi;Water management and phenology influence the root-associated rice field microbiota;https://doi.org/10.1093/femsec/fiaa181;FEMS Microbiology Ecology;;raw_data_project;fiaa146_96;regional;subsample;Yes;Yes;https://www.ncbi.nlm.nih.gov/bioproject/PRJNA638897;2011-06-20;2011-09-07;8.376486;45.322334;140.0;arable_land;field;6;4;12.9◦C;Meteorological station of Regional Agency for the Protection of the Environment (ARPA Piemonte) at 1.3 km from the field site];791.5 mm;
2011-09-07_D_IT_VC_SOIL_T_Lowland_block_3_P_1;date:2011-09-07T00:00:00:yyyy-MM-dd;D;;VC_SOIL_Lowland_3_1;Lowland;3;1;IT;vc_soil;composite;CREA-RIS_Research Centre for Cereal and Industrial Crops in Vercelli, Italy;T;block;P;1133.6927722549;1184.3671875;312.364387461852;5.90301786193364;0.993982250860128;;;;;;;;798;;;;;0;0.001712328767123;0;;0;;0.005517503805175;;0.002739726027397;;0.001902587519026;;;;0.002739726027397;0.000570776255708;0.001452885014529;0;;;0.005279680365297;;;;166.175089183143;;0;;0;;0.003424657534247;0.002283105022831;;;;;;0.001598173515982;;0.000978473581213;0.00144596651446;0;0.00076103500761;0;;;0.000570776255708;;0;;0.000570776255708;;NULL;NULL;0.000570776255708;0;;;;;;;;;;;;soil_core;;sequencing;targeted;16S-V3–V4 hypervariable region;GREATERTHANSIGN300_bp;silva;QIIME (Quantitative Insights Into Microbial Ecology) v1.8.0;otu;;composite;;;;;;USDA Classification;;6.26;10.17;;loam;;51.4;;38.8;;;;11.0;10.0;17.1;20.0;1.2;;;;;;;;;cereal;;;No;clear_water;;conventional_farming;;;;;;monoculture;no_drainage;;flood_irrigation;;broadcast_fertilization;;;arable_land;arable_land;arable_land;arable_land;arable_land;arable_land;;;;;;;;;;;;;;;;;;;;;;;2020;RISINNOVA;RISINNOVA -INTEGRATED GENETIC AND GENOMIC APPROACHES FOR NEW ITALIAN RICE BREEDING STRATEGIES;Erica Lumini;erica.lumini@cnr.it;CNR-IPSP;Lumini Erica/Stefano Ghignone;Lumini_Italian Rice Fields_Bacteria and Fungi;Water management and phenology influence the root-associated rice field microbiota;https://doi.org/10.1093/femsec/fiaa152;FEMS Microbiology Ecology;;raw_data_project;fiaa146_96;regional;subsample;Yes;Yes;https://www.ncbi.nlm.nih.gov/bioproject/PRJNA638897;2011-06-20;2011-09-07;8.376486;45.322334;134.0;arable_land;field;6;4;12.9◦C;Meteorological station of Regional Agency for the Protection of the Environment (ARPA Piemonte) at 1.3 km from the field site];791.5 mm;
2011-09-07_D_IT_VC_SOIL_T_Lowland_block_3_P_2;date:2011-09-07T00:00:00:yyyy-MM-dd;D;;VC_SOIL_Lowland_3_2;Lowland;3;2;IT;vc_soil;composite;CREA-RIS_Research Centre for Cereal and Industrial Crops in Vercelli, Italy;T;block;P;877.373648230351;815.535714285714;256.002931029085;5.50637263541046;0.991847222222222;;;;;;;;445;;;;;0;0;0;;0;;0.004016064257028;;0.001606425702811;;0;;;;0.001606425702811;0.002008032128514;0.001095290251917;0.004016064257028;;;0.006526104417671;;;;122.657580919932;;0;;0;;0;0.006024096385542;;;;;;0.000803212851406;;0.00057372346529;0.00053547523427;0;0;0;;;0;;0;;0.002008032128514;;NULL;NULL;0;0.004016064257028;;;;;;;;;;;;soil_core;;sequencing;targeted;16S-V3–V4 hypervariable region;GREATERTHANSIGN300_bp;silva;QIIME (Quantitative Insights Into Microbial Ecology) v1.8.0;otu;;composite;;;;;;USDA Classification;;6.26;10.17;;loam;;51.4;;38.8;;;;11.0;10.0;17.1;20.0;1.2;;;;;;;;;cereal;;;No;clear_water;;conventional_farming;;;;;;monoculture;no_drainage;;flood_irrigation;;broadcast_fertilization;;;arable_land;arable_land;arable_land;arable_land;arable_land;arable_land;;;;;;;;;;;;;;;;;;;;;;;2020;RISINNOVA;RISINNOVA -INTEGRATED GENETIC AND GENOMIC APPROACHES FOR NEW ITALIAN RICE BREEDING STRATEGIES;Erica Lumini;erica.lumini@cnr.it;CNR-IPSP;Lumini Erica/Stefano Ghignone;Lumini_Italian Rice Fields_Bacteria and Fungi;Water management and phenology influence the root-associated rice field microbiota;https://doi.org/10.1093/femsec/fiaa153;FEMS Microbiology Ecology;;raw_data_project;fiaa146_96;regional;subsample;Yes;Yes;https://www.ncbi.nlm.nih.gov/bioproject/PRJNA638897;2011-06-20;2011-09-07;8.376486;45.322334;134.0;arable_land;field;6;4;12.9◦C;Meteorological station of Regional Agency for the Protection of the Environment (ARPA Piemonte) at 1.3 km from the field site];791.5 mm;
2011-09-07_D_IT_VC_SOIL_T_Lowland_block_3_P_3;date:2011-09-07T00:00:00:yyyy-MM-dd;D;;VC_SOIL_Lowland_3_3;Lowland;3;3;IT;vc_soil;composite;CREA-RIS_Research Centre for Cereal and Industrial Crops in Vercelli, Italy;T;block;P;722.346157636978;685.846153846154;229.745802847255;5.45025409764078;0.993145472362962;;;;;;;;361;;;;;0;0;0.002583979328165;;0;;0.002583979328165;;0.005426356589147;;0.003875968992248;;;;0;0.000645994832041;0.000704721634954;0;;;0.00484496124031;;;;145.88897338403;;0;;0;;0;0.003875968992248;;;;;;0.002325581395349;;0;0.00077519379845;0;0.000645994832041;0;;;0.007751937984496;;0;;0.001937984496124;;NULL;NULL;0.001937984496124;0.001291989664083;;;;;;;;;;;;soil_core;;sequencing;targeted;16S-V3–V4 hypervariable region;GREATERTHANSIGN300_bp;silva;QIIME (Quantitative Insights Into Microbial Ecology) v1.8.0;otu;;composite;;;;;;USDA Classification;;6.26;10.17;;loam;;51.4;;38.8;;;;11.0;10.0;17.1;20.0;1.2;;;;;;;;;cereal;;;No;clear_water;;conventional_farming;;;;;;monoculture;no_drainage;;flood_irrigation;;broadcast_fertilization;;;arable_land;arable_land;arable_land;arable_land;arable_land;arable_land;;;;;;;;;;;;;;;;;;;;;;;2020;RISINNOVA;RISINNOVA -INTEGRATED GENETIC AND GENOMIC APPROACHES FOR NEW ITALIAN RICE BREEDING STRATEGIES;Erica Lumini;erica.lumini@cnr.it;CNR-IPSP;Lumini Erica/Stefano Ghignone;Lumini_Italian Rice Fields_Bacteria and Fungi;Water management and phenology influence the root-associated rice field microbiota;https://doi.org/10.1093/femsec/fiaa154;FEMS Microbiology Ecology;;raw_data_project;fiaa146_96;regional;subsample;Yes;Yes;https://www.ncbi.nlm.nih.gov/bioproject/PRJNA638897;2011-06-20;2011-09-07;8.376486;45.322334;134.0;arable_land;field;6;4;12.9◦C;Meteorological station of Regional Agency for the Protection of the Environment (ARPA Piemonte) at 1.3 km from the field site];791.5 mm;
2011-09-07_D_IT_VC_SOIL_T_Upland_block_3_P_1;date:2011-09-07T00:00:00:yyyy-MM-dd;D;;VC_SOIL_upland_3_1;Upland;3;1;IT;vc_soil;composite;CREA-RIS_Research Centre for Cereal and Industrial Crops in Vercelli, Italy;T;block;P;1223.09990082196;1201.00549450549;332.380619675169;5.97772651594965;0.99417065664051;;;;;;;;931;;;;;0;0.001795332136445;0.001196888090963;;0.000897666068223;;0.00688210652304;;0.001077199281867;;0.00344105326152;;;;0.001615798922801;0.001496110113704;0.002937816223274;0;;;0.004824955116697;;;;171.545908060462;;0;;0;;0.010771992818672;0.004039497307002;;;;;;0.005385996409336;;0.000512952038984;0.002034709754638;0;0.002244165170557;0;;;0.001795332136445;;0;;0.00673249551167;;NULL;NULL;0.000897666068223;0.000897666068223;;;;;;;;;;;;soil_core;;sequencing;targeted;16S-V3–V4 hypervariable region;GREATERTHANSIGN300_bp;silva;QIIME (Quantitative Insights Into Microbial Ecology) v1.8.0;otu;;composite;;;;;;USDA Classification;;6.46;11.4;;loam;;44.0;;46.9;;;;11.0;8.8;15.1;20.0;1.2;;;;;;;;;cereal;;;No;clear_water;;conventional_farming;;;;;;monoculture;subsurface_drainage;;flood_irrigation;;broadcast_fertilization;;;arable_land;arable_land;arable_land;arable_land;arable_land;arable_land;;;;;;;;;;;;;;;;;;;;;;;2020;RISINNOVA;RISINNOVA -INTEGRATED GENETIC AND GENOMIC APPROACHES FOR NEW ITALIAN RICE BREEDING STRATEGIES;Erica Lumini;erica.lumini@cnr.it;CNR-IPSP;Lumini Erica/Stefano Ghignone;Lumini_Italian Rice Fields_Bacteria and Fungi;Water management and phenology influence the root-associated rice field microbiota;https://doi.org/10.1093/femsec/fiaa170;FEMS Microbiology Ecology;;raw_data_project;fiaa146_96;regional;subsample;Yes;Yes;https://www.ncbi.nlm.nih.gov/bioproject/PRJNA638897;2011-06-20;2011-09-07;8.376486;45.322334;140.0;arable_land;field;6;4;12.9◦C;Meteorological station of Regional Agency for the Protection of the Environment (ARPA Piemonte) at 1.3 km from the field site];791.5 mm;
2011-09-07_D_IT_VC_SOIL_T_Upland_block_3_P_2;date:2011-09-07T00:00:00:yyyy-MM-dd;D;;VC_SOIL_upland_3_2;Upland;3;2;IT;vc_soil;composite;CREA-RIS_Research Centre for Cereal and Industrial Crops in Vercelli, Italy;T;block;P;537.651538441046;475.466666666667;184.553323834183;5.09532172538297;0.99002255470808;;;;;;;;237;;;;;0;0;0.003058103975535;;0;;0;;0;;0.001529051987768;;;;0;0;0;0;;;0.006880733944954;;;;100.226056945643;;0;;0;;0.018348623853211;0.013761467889908;;;;;;0.001834862385321;;0;0.001834862385321;0;0;0;;;0.004587155963303;;0;;0;;NULL;NULL;0;0;;;;;;;;;;;;soil_core;;sequencing;targeted;16S-V3–V4 hypervariable region;GREATERTHANSIGN300_bp;silva;QIIME (Quantitative Insights Into Microbial Ecology) v1.8.0;otu;;composite;;;;;;USDA Classification;;6.46;11.4;;loam;;44.0;;46.9;;;;11.0;8.8;15.1;20.0;1.2;;;;;;;;;cereal;;;No;clear_water;;conventional_farming;;;;;;monoculture;subsurface_drainage;;flood_irrigation;;broadcast_fertilization;;;arable_land;arable_land;arable_land;arable_land;arable_land;arable_land;;;;;;;;;;;;;;;;;;;;;;;2020;RISINNOVA;RISINNOVA -INTEGRATED GENETIC AND GENOMIC APPROACHES FOR NEW ITALIAN RICE BREEDING STRATEGIES;Erica Lumini;erica.lumini@cnr.it;CNR-IPSP;Lumini Erica/Stefano Ghignone;Lumini_Italian Rice Fields_Bacteria and Fungi;Water management and phenology influence the root-associated rice field microbiota;https://doi.org/10.1093/femsec/fiaa171;FEMS Microbiology Ecology;;raw_data_project;fiaa146_96;regional;subsample;Yes;Yes;https://www.ncbi.nlm.nih.gov/bioproject/PRJNA638897;2011-06-20;2011-09-07;8.376486;45.322334;140.0;arable_land;field;6;4;12.9◦C;Meteorological station of Regional Agency for the Protection of the Environment (ARPA Piemonte) at 1.3 km from the field site];791.5 mm;
2011-09-07_D_IT_VC_SOIL_T_Upland_block_3_P_3;date:2011-09-07T00:00:00:yyyy-MM-dd;D;;VC_SOIL_upland_3_3;Upland;3;3;IT;vc_soil;composite;CREA-RIS_Research Centre for Cereal and Industrial Crops in Vercelli, Italy;T;block;P;1001.70574344023;973.815384615385;312.922481192783;5.85429467115544;0.994111891828577;;;;;;;;647;;;;;0;0.001070663811563;0.002855103497502;;0;;0.00463954318344;;0.005139186295503;;0.005710206995004;;;;0.001927194860814;0.000713775874375;0.003698656803582;0;;;0.005353319057816;;;;169.833836418518;;0;;0;;0.006423982869379;0.00321199143469;;;;;;0.002141327623126;;0.001223615784644;0.004282655246253;0;0.001070663811563;0.004282655246253;;;0.004282655246253;;0;;0.008565310492505;;NULL;NULL;0.002141327623126;0.001427551748751;;;;;;;;;;;;soil_core;;sequencing;targeted;16S-V3–V4 hypervariable region;GREATERTHANSIGN300_bp;silva;QIIME (Quantitative Insights Into Microbial Ecology) v1.8.0;otu;;composite;;;;;;USDA Classification;;6.46;11.4;;loam;;44.0;;46.9;;;;11.0;8.8;15.1;20.0;1.2;;;;;;;;;cereal;;;No;clear_water;;conventional_farming;;;;;;monoculture;subsurface_drainage;;flood_irrigation;;broadcast_fertilization;;;arable_land;arable_land;arable_land;arable_land;arable_land;arable_land;;;;;;;;;;;;;;;;;;;;;;;2020;RISINNOVA;RISINNOVA -INTEGRATED GENETIC AND GENOMIC APPROACHES FOR NEW ITALIAN RICE BREEDING STRATEGIES;Erica Lumini;erica.lumini@cnr.it;CNR-IPSP;Lumini Erica/Stefano Ghignone;Lumini_Italian Rice Fields_Bacteria and Fungi;Water management and phenology influence the root-associated rice field microbiota;https://doi.org/10.1093/femsec/fiaa172;FEMS Microbiology Ecology;;raw_data_project;fiaa146_96;regional;subsample;Yes;Yes;https://www.ncbi.nlm.nih.gov/bioproject/PRJNA638897;2011-06-20;2011-09-07;8.376486;45.322334;140.0;arable_land;field;6;4;12.9◦C;Meteorological station of Regional Agency for the Protection of the Environment (ARPA Piemonte) at 1.3 km from the field site];791.5 mm;
2017-11-07_D_IT_SaintChristophe_MN_T_SC_AMF_M_Mix species_NA_P_1;date:2017-11-07T00:00:00:yyyy-MM-dd;D;;;SC;NA;1;IT;saintchristophe_mn;composite;SaffronAlp cultivated soil Project;T;AMF_M_Mix species;P;;311.5;49.6947158893425;5.11042737084926;0.009437044242104;;;;;;;0.890850338118274;310;e;;;;;;0;0.011462108082559;;;0.000945328501654;;0.004332755632582;0.000315109500551;0;;0.002402709941705;;0.008744288640303;0;0.008035292264062;0.006735465574287;0.012604380022058;;0.001181660627068;;;Pielou;105.965382204999;;;;;0.009335118953836;;;;0.009965337954939;0;;0;0.007168741137545;;0.005829525760202;0.054238222782417;0;0.005317472821806;0;;;0.005987080510477;0;0;;0.022175831101308;;NULL;NULL;0.001417992752481;0.015597920277296;0.005671971009926;;;;;;0.002914762880101;;;;;soil_core;;sequencing;target;16S;250_bp;silva;QIIME2;otu;2016-08;composite;;;USDA;;;;na;6.9;19.2;;sandy_loam;;29.9;24.3;20.2;21.8;;;;;;;1.12;;17.3;;;69.2;;0.31;3.5;;;;NA;;;organic_farming;;;;;annual;monoculture;;;;;localized_placement;;no_pest_control;;;;;;;;;not;manual weed control;;;;;;;;;;;;;;;;;;;2022;SaffronAlp;SaffronALP—Lo zafferano di montagna: tecniche sostenibili per una produzione di qualità;Erica Lumini;erica.lumini@cnr.it;CNR-IPSP;Erica Lumini;Lumini_Alpine Saffron cultivated soil;Truth or Lie: Does the DNA Extraction Procedure Really Affect the Insight in Composition and Diversity of Microbial Communities in Saffron Cultivated Soils?;https://doi.org/10.3390/applmicrobiol2030038;Appl. Microbiol.;;raw_data_project;7;regional;;Yes;Yes;https://www.ncbi.nlm.nih.gov/sra/?term=PRJNA830672.;2016-08;2018-05;7.343611;45.75192;700.0;grass_land;field;24;;−2.3 ◦C to 22.6 ◦C;study;533mm/year;
2017-11-07_D_IT_SaintChristophe_MN_T_SC_AMF_M_Mix species_NA_P_2;date:2017-11-07T00:00:00:yyyy-MM-dd;D;;;SC;NA;2;IT;saintchristophe_mn;composite;SaffronAlp cultivated soil Project;T;AMF_M_Mix species;P;;215;32.0560422972322;4.80664411381106;0.011392183387871;;;;;;;0.895763249845888;214;e;;;;;;0;0.020639672286119;;;0.009689617141957;;0.008507956514889;0;0.01768552071845;;0;;0.007995903576493;0.000472664250827;0.005356861509375;0;0.018985347408224;;0.003072317630377;;;Pielou;87.7794858064416;;;;;0;;;;0.012919489522609;0.007286907200252;;0;0.008901843390578;;0.011619662832834;0.023711989916496;0;0;0;;;0;0;0;;0.005081140696392;;NULL;NULL;0;0.020048841972586;0;;;;;;0;;;;;soil_core;;sequencing;target;16S;250_bp;silva;QIIME2;otu;2016-08;composite;;;USDA;;;;na;6.9;19.2;;sandy_loam;;29.9;24.3;20.2;21.8;;;;;;;1.12;;17.3;;;69.2;;0.31;3.5;;;;NA;;;organic_farming;;;;;annual;monoculture;;;;;localized_placement;;no_pest_control;;;;;;;;;not;manual weed control;;;;;;;;;;;;;;;;;;;2022;SaffronAlp;SaffronALP—Lo zafferano di montagna: tecniche sostenibili per una produzione di qualità;Erica Lumini;erica.lumini@cnr.it;CNR-IPSP;Erica Lumini;Lumini_Alpine Saffron cultivated soil;Truth or Lie: Does the DNA Extraction Procedure Really Affect the Insight in Composition and Diversity of Microbial Communities in Saffron Cultivated Soils?;https://doi.org/10.3390/applmicrobiol2030038;Appl. Microbiol.;;raw_data_project;7;regional;;Yes;Yes;https://www.ncbi.nlm.nih.gov/sra/?term=PRJNA830672.;2016-08;2018-05;7.343611;45.75192;700.0;grass_land;field;24;;−2.3 ◦C to 22.6 ◦C;study;533mm/year;
2017-11-07_D_IT_SaintChristophe_MN_T_SC_AMF_M_Mix species_NA_P_3;date:2017-11-07T00:00:00:yyyy-MM-dd;D;;;SC;NA;3;IT;saintchristophe_mn;composite;SaffronAlp cultivated soil Project;T;AMF_M_Mix species;P;;290;45.9061248839441;5.05176202857791;0.010421513196334;;;;;;;0.890982032462565;290;e;;;;;;0;0.033992437371987;;;0.006341578698598;;0.009689617141957;0;0;;0;;0.002402709941705;0;0.002481487316843;0;0.009177564203561;;0;;;Pielou;95.9553551543562;;;;;0.005238695446668;;;;0.004096423507169;0.003702536631479;;0;0;;0.007641405388372;0.023278714353238;0;0;0;;;0.011068221206869;0;0.003584370568773;;0.000551441625965;;NULL;NULL;0;0.017961241531432;0;;;;;;0;;;;;soil_core;;sequencing;target;16S;250_bp;silva;QIIME2;otu;2016-08;composite;;;USDA;;;;na;6.9;19.2;;sandy_loam;;29.9;24.3;20.2;21.8;;;;;;;1.12;;17.3;;;69.2;;0.31;3.5;;;;NA;;;organic_farming;;;;;annual;monoculture;;;;;localized_placement;;no_pest_control;;;;;;;;;not;manual weed control;;;;;;;;;;;;;;;;;;;2022;SaffronAlp;SaffronALP—Lo zafferano di montagna: tecniche sostenibili per una produzione di qualità;Erica Lumini;erica.lumini@cnr.it;CNR-IPSP;Erica Lumini;Lumini_Alpine Saffron cultivated soil;Truth or Lie: Does the DNA Extraction Procedure Really Affect the Insight in Composition and Diversity of Microbial Communities in Saffron Cultivated Soils?;https://doi.org/10.3390/applmicrobiol2030038;Appl. Microbiol.;;raw_data_project;7;regional;;Yes;Yes;https://www.ncbi.nlm.nih.gov/sra/?term=PRJNA830672.;2016-08;2018-05;7.343611;45.75192;700.0;grass_land;field;24;;−2.3 ◦C to 22.6 ◦C;study;533mm/year;
2017-11-07_D_IT_SaintChristophe_MN_T_SC_AMF_R_Monospecies_NA_P_1;date:2017-11-07T00:00:00:yyyy-MM-dd;D;;;SC;NA;1;IT;saintchristophe_mn;composite;SaffronAlp cultivated soil Project;T;AMF_R_Monospecies;P;;210;31.3528212532684;4.73331431842256;0.013329251026123;;;;;;;0.885210235857638;210;e;;;;;;0;0.015282810776745;;;0.016149361903261;;0.014888923901056;0;0.013470931148574;;0;;0.010398613518198;0;0.009532062391681;0;0.007286907200252;;0;;;Pielou;75.0229700108574;;;;;0;;;;0;0;;0;0.023987710729479;;0;0.040964235071687;0;0;0;;;0;0;0;;0.022884827477548;;NULL;NULL;0.000905939814085;0;0;;;;;;0;;;;;soil_core;;sequencing;target;16S;250_bp;silva;QIIME2;otu;2016-08;composite;;;USDA;;;;na;6.9;19.2;;sandy_loam;;29.9;24.3;20.2;21.8;;;;;;;1.12;;17.3;;;69.2;;0.31;3.5;;;;NA;;;organic_farming;;;;;annual;monoculture;;;;;localized_placement;;no_pest_control;;;;;;;;;not;manual weed control;;;;;;;;;;;;;;;;;;;2022;SaffronAlp;SaffronALP—Lo zafferano di montagna: tecniche sostenibili per una produzione di qualità;Erica Lumini;erica.lumini@cnr.it;CNR-IPSP;Erica Lumini;Lumini_Alpine Saffron cultivated soil;Truth or Lie: Does the DNA Extraction Procedure Really Affect the Insight in Composition and Diversity of Microbial Communities in Saffron Cultivated Soils?;https://doi.org/10.3390/applmicrobiol2030038;Appl. Microbiol.;;raw_data_project;7;regional;;Yes;Yes;https://www.ncbi.nlm.nih.gov/sra/?term=PRJNA830672.;2016-08;2018-05;7.343611;45.75192;700.0;grass_land;field;24;;−2.3 ◦C to 22.6 ◦C;study;533mm/year;
2017-11-07_D_IT_SaintChristophe_MN_T_SC_AMF_R_Monospecies_NA_P_2;date:2017-11-07T00:00:00:yyyy-MM-dd;D;;;SC;NA;2;IT;saintchristophe_mn;composite;SaffronAlp cultivated soil Project;T;AMF_R_Monospecies;P;;321;51.8023036374521;5.16416696188639;0.008626339783215;;;;;;;0.894779458321099;321;e;;;;;;0;0.01177721758311;;;0.019103513470931;;0.010241058767922;0;0.000945328501654;;0;;0.007286907200252;0;0.008035292264062;0.006774854261856;0.009295730266268;;0.000433275563258;;;Pielou;115.924021674384;;;;;0;;;;0.00701118638727;0;;0;0.007089963762407;;0.008586733890027;0.02835985504963;0;0.014455648337797;0.000433275563258;;;0.006459744761305;0;0.003978257444462;;0.014652591775642;;NULL;NULL;0;0.009729005829526;0;;;;;;0;;;;;soil_core;;sequencing;target;16S;250_bp;silva;QIIME2;otu;2016-08;composite;;;USDA;;;;na;6.9;19.2;;sandy_loam;;29.9;24.3;20.2;21.8;;;;;;;1.12;;17.3;;;69.2;;0.31;3.5;;;;NA;;;organic_farming;;;;;annual;monoculture;;;;;localized_placement;;no_pest_control;;;;;;;;;not;manual weed control;;;;;;;;;;;;;;;;;;;2022;SaffronAlp;SaffronALP—Lo zafferano di montagna: tecniche sostenibili per una produzione di qualità;Erica Lumini;erica.lumini@cnr.it;CNR-IPSP;Erica Lumini;Lumini_Alpine Saffron cultivated soil;Truth or Lie: Does the DNA Extraction Procedure Really Affect the Insight in Composition and Diversity of Microbial Communities in Saffron Cultivated Soils?;https://doi.org/10.3390/applmicrobiol2030038;Appl. Microbiol.;;raw_data_project;7;regional;;Yes;Yes;https://www.ncbi.nlm.nih.gov/sra/?term=PRJNA830672.;2016-08;2018-05;7.343611;45.75192;700.0;grass_land;field;24;;−2.3 ◦C to 22.6 ◦C;study;533mm/year;
2017-11-07_D_IT_SaintChristophe_MN_T_SC_AMF_R_Monospecies_NA_P_3;date:2017-11-07T00:00:00:yyyy-MM-dd;D;;;SC;NA;3;IT;saintchristophe_mn;composite;SaffronAlp cultivated soil Project;T;AMF_R_Monospecies;P;;260;40.3321577717771;4.88519745236089;0.011469592367608;;;;;;;0.878524932107779;260;e;;;;;;0;0.010713723018749;;;0.003741925319048;;0.008074680951631;0.000196943437845;0.017094690404916;;0;;0.008429179139751;0;0.01437687096266;0;0;;0.006223412635891;;;Pielou;87.187056692979;;;;;0.002835985504963;;;;0;0;;0;0.00772018276351;;0;0.014849535213487;0;0.003544981881204;0;;;0.006971797699701;0;0;;0.008074680951631;;NULL;NULL;0;0.016740192216795;0;;;;;;0;;;;;soil_core;;sequencing;target;16S;250_bp;silva;QIIME2;otu;2016-08;composite;;;USDA;;;;na;6.9;19.2;;sandy_loam;;29.9;24.3;20.2;21.8;;;;;;;1.12;;17.3;;;69.2;;0.31;3.5;;;;NA;;;organic_farming;;;;;annual;monoculture;;;;;localized_placement;;no_pest_control;;;;;;;;;not;manual weed control;;;;;;;;;;;;;;;;;;;2022;SaffronAlp;SaffronALP—Lo zafferano di montagna: tecniche sostenibili per una produzione di qualità;Erica Lumini;erica.lumini@cnr.it;CNR-IPSP;Erica Lumini;Lumini_Alpine Saffron cultivated soil;Truth or Lie: Does the DNA Extraction Procedure Really Affect the Insight in Composition and Diversity of Microbial Communities in Saffron Cultivated Soils?;https://doi.org/10.3390/applmicrobiol2030038;Appl. Microbiol.;;raw_data_project;7;regional;;Yes;Yes;https://www.ncbi.nlm.nih.gov/sra/?term=PRJNA830672.;2016-08;2018-05;7.343611;45.75192;700.0;grass_land;field;24;;−2.3 ◦C to 22.6 ◦C;study;533mm/year;
2017-11-07_D_IT_SaintChristophe_MN_T_SC_control_NA_P_1;date:2017-11-07T00:00:00:yyyy-MM-dd;D;;;SC;NA;1;IT;saintchristophe_mn;composite;SaffronAlp cultivated soil Project;T;control;P;;253;38.8686674543536;4.9686488674243;0.009588917513969;;;;;;;0.898582618347763;252;e;;;;;;0.006696076886718;0.027020639672286;;;0.00551441625965;;0.016464471403813;0;0.011934772333386;;0;;0.001693713565464;0;0.007168741137545;0;0;;0.003426815818497;;;Pielou;104.287058319481;;;;;0;;;;0.004884197258547;0;;0;0.011974161020955;;0.008704899952734;0.010989443831732;0.00074838506381;0.01583425240271;0;;;0;0;0;;0.009177564203561;;NULL;NULL;0;0.019458011659052;0.002087600441153;;;;;;0;;;;;soil_core;;sequencing;target;16S;250_bp;silva;QIIME2;otu;2016-08;composite;;;USDA;;;;na;6.9;19.2;;sandy_loam;;29.9;24.3;20.2;21.8;;;;;;;1.12;;17.3;;;69.2;;0.31;3.5;;;;NA;;;organic_farming;;;;;annual;monoculture;;;;;localized_placement;;no_pest_control;;;;;;;;;not;manual weed control;;;;;;;;;;;;;;;;;;;2022;SaffronAlp;SaffronALP—Lo zafferano di montagna: tecniche sostenibili per una produzione di qualità;Erica Lumini;erica.lumini@cnr.it;CNR-IPSP;Erica Lumini;Lumini_Alpine Saffron cultivated soil;Truth or Lie: Does the DNA Extraction Procedure Really Affect the Insight in Composition and Diversity of Microbial Communities in Saffron Cultivated Soils?;https://doi.org/10.3390/applmicrobiol2030038;Appl. Microbiol.;;raw_data_project;7;regional;;Yes;Yes;https://www.ncbi.nlm.nih.gov/sra/?term=PRJNA830672.;2016-08;2018-05;7.343611;45.75192;700.0;grass_land;field;24;;−2.3 ◦C to 22.6 ◦C;study;533mm/year;
2017-11-07_D_IT_SaintChristophe_MN_T_SC_control_NA_P_2;date:2017-11-07T00:00:00:yyyy-MM-dd;D;;;SC;NA;2;IT;saintchristophe_mn;composite;SaffronAlp cultivated soil Project;T;control;P;;189;27.7067302868993;4.67703352646885;0.013479293564912;;;;;;;0.892266168708951;189;e;;;;;;0;0.016779580904364;;;0.016306916653537;;0;0;0.017724909406019;;0;;0.009532062391681;0;0.008350401764613;0;0;;0.010004726642508;;;Pielou;74.1878641624864;;;;;0.005435638884512;;;;0;0;;0;0.010004726642508;;0;0.039743185757051;0;0;0;;;0.011698440207972;0;0;;0.011619662832834;;NULL;NULL;0;0.03021112336537;0;;;;;;0.005396250196943;;;;;soil_core;;sequencing;target;16S;250_bp;silva;QIIME2;otu;2016-08;composite;;;USDA;;;;na;6.9;19.2;;sandy_loam;;29.9;24.3;20.2;21.8;;;;;;;1.12;;17.3;;;69.2;;0.31;3.5;;;;NA;;;organic_farming;;;;;annual;monoculture;;;;;localized_placement;;no_pest_control;;;;;;;;;not;manual weed control;;;;;;;;;;;;;;;;;;;2022;SaffronAlp;SaffronALP—Lo zafferano di montagna: tecniche sostenibili per una produzione di qualità;Erica Lumini;erica.lumini@cnr.it;CNR-IPSP;Erica Lumini;Lumini_Alpine Saffron cultivated soil;Truth or Lie: Does the DNA Extraction Procedure Really Affect the Insight in Composition and Diversity of Microbial Communities in Saffron Cultivated Soils?;https://doi.org/10.3390/applmicrobiol2030038;Appl. Microbiol.;;raw_data_project;7;regional;;Yes;Yes;https://www.ncbi.nlm.nih.gov/sra/?term=PRJNA830672.;2016-08;2018-05;7.343611;45.75192;700.0;grass_land;field;24;;−2.3 ◦C to 22.6 ◦C;study;533mm/year;
2017-11-07_D_IT_SaintChristophe_MN_T_SC_control_NA_P_3;date:2017-11-07T00:00:00:yyyy-MM-dd;D;;;SC;NA;3;IT;saintchristophe_mn;composite;SaffronAlp cultivated soil Project;T;control;P;;227;34.3601493021594;4.83123467868788;0.012386240418719;;;;;;;0.890558376228291;227;e;;;;;;0;0.033716716559004;;;0.004608476445565;;0.005632582322357;0;0;;0;;0.001339215377344;0.002008823066015;0.002717819442256;0.006971797699701;0.00992594926737;;0.004726642508272;;;Pielou;80.7347480910141;;;;;0;;;;0.00992594926737;0;;0;0.008547345202458;;0;0.029029462738302;0;0;0;;;0.012446825271782;0;0;;0.001181660627068;;NULL;NULL;0;0.016346305341106;0;;;;;;0;;;;;soil_core;;sequencing;target;16S;250_bp;silva;QIIME2;otu;2016-08;composite;;;USDA;;;;na;6.9;19.2;;sandy_loam;;29.9;24.3;20.2;21.8;;;;;;;1.12;;17.3;;;69.2;;0.31;3.5;;;;NA;;;organic_farming;;;;;annual;monoculture;;;;;localized_placement;;no_pest_control;;;;;;;;;not;manual weed control;;;;;;;;;;;;;;;;;;;2022;SaffronAlp;SaffronALP—Lo zafferano di montagna: tecniche sostenibili per una produzione di qualità;Erica Lumini;erica.lumini@cnr.it;CNR-IPSP;Erica Lumini;Lumini_Alpine Saffron cultivated soil;Truth or Lie: Does the DNA Extraction Procedure Really Affect the Insight in Composition and Diversity of Microbial Communities in Saffron Cultivated Soils?;https://doi.org/10.3390/applmicrobiol2030038;Appl. Microbiol.;;raw_data_project;7;regional;;Yes;Yes;https://www.ncbi.nlm.nih.gov/sra/?term=PRJNA830672.;2016-08;2018-05;7.343611;45.75192;700.0;grass_land;field;24;;−2.3 ◦C to 22.6 ◦C;study;533mm/year;
2017-11-07_D_IT_SaintChristophe_MO_T_SC_AMF_M_Mix species_NA_P_1;date:2017-11-07T00:00:00:yyyy-MM-dd;D;;;SC;NA;1;IT;saintchristophe_mo;composite;SaffronAlp cultivated soil Project;T;AMF_M_Mix species;P;;347.6;56.8491928365143;5.25653208162296;0.007989707010471;;;;;;;0.898656217490922;347;e;;;;;;0.005396250196943;0.003032928942808;;;0.008507956514889;;0.011186387269576;0;0;;0.00145738144005;;0.014337482275091;0;0.003938868756893;0.004844808570978;0.008704899952734;;0.000315109500551;;;Pielou;125.161035153026;;;;;0;;;;0.005868914447771;0;;0;0.012368047896644;;0.008547345202458;0.029344572238853;0;0.005317472821806;0;;;0.003663147943911;0;0.004332755632582;;0.011698440207972;;NULL;NULL;0;0.005987080510477;0;;;;;;0;;;;;soil_core;;sequencing;target;16S;250_bp;silva;QIIME2;otu;2016-08;composite;;;USDA;;;;na;6.9;19.2;;sandy_loam;;29.9;24.3;20.2;21.8;;;;;;;1.12;;17.3;;;69.2;;0.31;3.5;;;;NA;;;organic_farming;;;summer;strip_tillage;annual;monoculture;;;hand_move_sprinkler_irrigation;;localized_placement;;no_pest_control;;;;;;;;;not;manual weed control;;;;;;;;;;;;;;;;;;;2021;SaffronAlp;SaffronALP—Lo zafferano di montagna: tecniche sostenibili per una produzione di qualità;Erica Lumini;erica.lumini@cnr.it;CNR-IPSP;Erica Lumini;Lumini_Alpine Saffron cultivated soil; Metabarcoding of Soil Fungal Communities Associated with Alpine Field-Grown Saffron (Crocus sativus L.) Inoculated with AM Fungi.;https://doi.org/10.3390/jof7010045;J. Fungi;;raw_data_project;7;regional;;Yes;Yes;GenBank_MW162630-164623,https://www.ncbi.nlm.nih.gov/sra/PRJNA1071842;2016-08;2018-05;7.343611;45.75192;700.0;grass_land;field;24;;−2.3 ◦C to 22.6 ◦C;study;533mm/year;
2017-11-07_D_IT_SaintChristophe_MO_T_SC_AMF_M_Mix species_NA_P_2;date:2017-11-07T00:00:00:yyyy-MM-dd;D;;;SC;NA;2;IT;saintchristophe_mo;composite;SaffronAlp cultivated soil Project;T;AMF_M_Mix species;P;;271;42.3603997933097;5.03251746457855;0.009476479473734;;;;;;;0.898323942330859;271;e;;;;;;0.00110288325193;0.010004726642508;;;0.001733102253033;;0.013431542461005;0;0;;0;;0.007917126201355;0;0.007680794075941;0.004135812194738;0.009807783204664;;0;;;Pielou;105.524419988638;;;;;0;;;;0.014652591775642;0.003860091381755;;0.001693713565464;0.012801323459902;;0;0.039900740507326;0;0;0;;;0.013195210335592;0;0.002678430754687;;0.005593193634788;;NULL;NULL;0;0;0;;;;;;0.002757208129825;;;;;soil_core;;sequencing;target;16S;250_bp;silva;QIIME2;otu;2016-08;composite;;;USDA;;;;na;6.9;19.2;;sandy_loam;;29.9;24.3;20.2;21.8;;;;;;;1.12;;17.3;;;69.2;;0.31;3.5;;;;NA;;;organic_farming;;;summer;strip_tillage;annual;monoculture;;;hand_move_sprinkler_irrigation;;localized_placement;;no_pest_control;;;;;;;;;not;manual weed control;;;;;;;;;;;;;;;;;;;2021;SaffronAlp;SaffronALP—Lo zafferano di montagna: tecniche sostenibili per una produzione di qualità;Erica Lumini;erica.lumini@cnr.it;CNR-IPSP;Erica Lumini;Lumini_Alpine Saffron cultivated soil; Metabarcoding of Soil Fungal Communities Associated with Alpine Field-Grown Saffron (Crocus sativus L.) Inoculated with AM Fungi.;https://doi.org/10.3390/jof7010045;J. Fungi;;raw_data_project;7;regional;;Yes;Yes;GenBank_MW162630-164623,https://www.ncbi.nlm.nih.gov/sra/PRJNA1071842;2016-08;2018-05;7.343611;45.75192;700.0;grass_land;field;24;;−2.3 ◦C to 22.6 ◦C;study;533mm/year;
2017-11-07_D_IT_SaintChristophe_MO_T_SC_AMF_M_Mix species_NA_P_3;date:2017-11-07T00:00:00:yyyy-MM-dd;D;;;SC;NA;3;IT;saintchristophe_mo;composite;SaffronAlp cultivated soil Project;T;AMF_M_Mix species;P;;279.25;43.8468709834087;5.08071949571153;0.008842636241728;;;;;;;0.902242659761628;279;e;;;;;;0.001339215377344;0;;;0;;0.019064124783362;0;0.017015913029778;;0;;0.008783677327871;0.000472664250827;0.008862454703009;0;0.002284543878998;;0.001181660627068;;;Pielou;113.088447004189;;;;;0.005947691822908;;;;0.009886560579801;0.007562628013235;;0;0.003584370568773;;0;0.033716716559004;0;0.006026469198046;0;;;0.003072317630377;0;0.003860091381755;;0.014495037025366;;NULL;NULL;0;0.006538522136442;0;;;;;;0;;;;;soil_core;;sequencing;target;16S;250_bp;silva;QIIME2;otu;2016-08;composite;;;USDA;;;;na;6.9;19.2;;sandy_loam;;29.9;24.3;20.2;21.8;;;;;;;1.12;;17.3;;;69.2;;0.31;3.5;;;;NA;;;organic_farming;;;summer;strip_tillage;annual;monoculture;;;hand_move_sprinkler_irrigation;;localized_placement;;no_pest_control;;;;;;;;;not;manual weed control;;;;;;;;;;;;;;;;;;;2021;SaffronAlp;SaffronALP—Lo zafferano di montagna: tecniche sostenibili per una produzione di qualità;Erica Lumini;erica.lumini@cnr.it;CNR-IPSP;Erica Lumini;Lumini_Alpine Saffron cultivated soil; Metabarcoding of Soil Fungal Communities Associated with Alpine Field-Grown Saffron (Crocus sativus L.) Inoculated with AM Fungi.;https://doi.org/10.3390/jof7010045;J. Fungi;;raw_data_project;7;regional;;Yes;Yes;GenBank_MW162630-164623,https://www.ncbi.nlm.nih.gov/sra/PRJNA1071842;2016-08;2018-05;7.343611;45.75192;700.0;grass_land;field;24;;−2.3 ◦C to 22.6 ◦C;study;533mm/year;
2017-11-07_D_IT_SaintChristophe_MO_T_SC_AMF_R_Monospecies_NA_P_1;date:2017-11-07T00:00:00:yyyy-MM-dd;D;;;SC;NA;1;IT;saintchristophe_mo;composite;SaffronAlp cultivated soil Project;T;AMF_R_Monospecies;P;;228;34.5385520787108;4.96826077470607;0.009046949155938;;;;;;;0.915075427913554;228;e;;;;;;0.007286907200252;0.015282810776745;;;0;;0;0;0;;0;;0.015282810776745;0.00256026469198;0.008074680951631;0;0;;0;;;Pielou;110.534499836741;;;;;0.021151725224516;;;;0.006656688199149;0;;0;0.007444461950528;;0.017527965968174;0.011225775957145;0;0.017331022530329;0;;;0;0;0.007602016700804;;0.012249881833937;;NULL;NULL;0.003663147943911;0;0;;;;;;0.005790137072633;;;;;soil_core;;sequencing;target;16S;250_bp;silva;QIIME2;otu;2016-08;composite;;;USDA;;;;na;6.9;19.2;;sandy_loam;;29.9;24.3;20.2;21.8;;;;;;;1.12;;17.3;;;69.2;;0.31;3.5;;;;NA;;;organic_farming;;;summer;strip_tillage;annual;monoculture;;;hand_move_sprinkler_irrigation;;localized_placement;;no_pest_control;;;;;;;;;not;manual weed control;;;;;;;;;;;;;;;;;;;2021;SaffronAlp;SaffronALP—Lo zafferano di montagna: tecniche sostenibili per una produzione di qualità;Erica Lumini;erica.lumini@cnr.it;CNR-IPSP;Erica Lumini;Lumini_Alpine Saffron cultivated soil; Metabarcoding of Soil Fungal Communities Associated with Alpine Field-Grown Saffron (Crocus sativus L.) Inoculated with AM Fungi.;https://doi.org/10.3390/jof7010045;J. Fungi;;raw_data_project;7;regional;;Yes;Yes;GenBank_MW162630-164623,https://www.ncbi.nlm.nih.gov/sra/PRJNA1071842;2016-08;2018-05;7.343611;45.75192;700.0;grass_land;field;24;;−2.3 ◦C to 22.6 ◦C;study;533mm/year;
2017-11-07_D_IT_SaintChristophe_MO_T_SC_AMF_R_Monospecies_NA_P_2;date:2017-11-07T00:00:00:yyyy-MM-dd;D;;;SC;NA;2;IT;saintchristophe_mo;composite;SaffronAlp cultivated soil Project;T;AMF_R_Monospecies;P;;202;29.9546541263192;4.71185158578858;0.012634506441437;;;;;;;0.887643927244925;202;e;;;;;;0;0.004884197258547;;;0;;0;0;0.015991807152986;;0;;0.011343942019852;0;0.005120529383961;0;0.004450921695289;;0.001496770127619;;;Pielou;79.1483232554536;;;;;0.003978257444462;;;;0.016661414841658;0.006814242949425;;0;0.010556168268473;;0;0.01398298408697;0;0.014534425712935;0;;;0.008901843390578;0;0;;0.004332755632582;;NULL;NULL;0;0.017015913029778;0.006105246573184;;;;;;0;;;;;soil_core;;sequencing;target;16S;250_bp;silva;QIIME2;otu;2016-08;composite;;;USDA;;;;na;6.9;19.2;;sandy_loam;;29.9;24.3;20.2;21.8;;;;;;;1.12;;17.3;;;69.2;;0.31;3.5;;;;NA;;;organic_farming;;;summer;strip_tillage;annual;monoculture;;;hand_move_sprinkler_irrigation;;localized_placement;;no_pest_control;;;;;;;;;not;manual weed control;;;;;;;;;;;;;;;;;;;2021;SaffronAlp;SaffronALP—Lo zafferano di montagna: tecniche sostenibili per una produzione di qualità;Erica Lumini;erica.lumini@cnr.it;CNR-IPSP;Erica Lumini;Lumini_Alpine Saffron cultivated soil; Metabarcoding of Soil Fungal Communities Associated with Alpine Field-Grown Saffron (Crocus sativus L.) Inoculated with AM Fungi.;https://doi.org/10.3390/jof7010045;J. Fungi;;raw_data_project;7;regional;;Yes;Yes;GenBank_MW162630-164623,https://www.ncbi.nlm.nih.gov/sra/PRJNA1071842;2016-08;2018-05;7.343611;45.75192;700.0;grass_land;field;24;;−2.3 ◦C to 22.6 ◦C;study;533mm/year;
2017-11-07_D_IT_SaintChristophe_MO_T_SC_AMF_R_Monospecies_NA_P_3;date:2017-11-07T00:00:00:yyyy-MM-dd;D;;;SC;NA;3;IT;saintchristophe_mo;composite;SaffronAlp cultivated soil Project;T;AMF_R_Monospecies;P;;265;41.2518178090791;4.95071609763407;0.011185062315299;;;;;;;0.887268067098396;265;e;;;;;;0;0.003584370568773;;;0;;0;0;0;;0;;0.003111706317945;0;0.011816606270679;0;0.013116432960454;;0.001930045690878;;;Pielou;89.4049556283809;;;;;0.006341578698598;;;;0.010910666456594;0;;0;0.009413896328974;;0.008429179139751;0.017409799905467;0;0;0;;;0;0;0.008074680951631;;0.003190483693083;;NULL;NULL;0;0.014770757838349;0.000315109500551;;;;;;0;;;;;soil_core;;sequencing;target;16S;250_bp;silva;QIIME2;otu;2016-08;composite;;;USDA;;;;na;6.9;19.2;;sandy_loam;;29.9;24.3;20.2;21.8;;;;;;;1.12;;17.3;;;69.2;;0.31;3.5;;;;NA;;;organic_farming;;;summer;strip_tillage;annual;monoculture;;;hand_move_sprinkler_irrigation;;localized_placement;;no_pest_control;;;;;;;;;not;manual weed control;;;;;;;;;;;;;;;;;;;2021;SaffronAlp;SaffronALP—Lo zafferano di montagna: tecniche sostenibili per una produzione di qualità;Erica Lumini;erica.lumini@cnr.it;CNR-IPSP;Erica Lumini;Lumini_Alpine Saffron cultivated soil; Metabarcoding of Soil Fungal Communities Associated with Alpine Field-Grown Saffron (Crocus sativus L.) Inoculated with AM Fungi.;https://doi.org/10.3390/jof7010045;J. Fungi;;raw_data_project;7;regional;;Yes;Yes;GenBank_MW162630-164623,https://www.ncbi.nlm.nih.gov/sra/PRJNA1071842;2016-08;2018-05;7.343611;45.75192;700.0;grass_land;field;24;;−2.3 ◦C to 22.6 ◦C;study;533mm/year;
2017-11-07_D_IT_SaintChristophe_MO_T_SC_control_NA_P_1;date:2017-11-07T00:00:00:yyyy-MM-dd;D;;;SC;NA;1;IT;saintchristophe_mo;composite;SaffronAlp cultivated soil Project;T;control;P;;269;41.9902712653835;4.95139364827165;0.01074363223251;;;;;;;0.885013240597951;269;e;;;;;;0;0.008153458326769;;;0;;0.014337482275091;0.005435638884512;0.011028832519301;;0;;0.01067433433118;0;0.006932409012132;0.002481487316843;0;;7.88E-05;;;Pielou;93.0783908419778;;;;;0;;;;0.004962974633685;0;;0;0.008232235701906;;0;0.030762564991335;0;0.008665511265165;0;;;0;0;0;;0.011265164644714;;NULL;NULL;0;0;0.004962974633685;;;;;;0;;;;;soil_core;;sequencing;target;16S;250_bp;silva;QIIME2;otu;2016-08;composite;;;USDA;;;;na;6.9;19.2;;sandy_loam;;29.9;24.3;20.2;21.8;;;;;;;1.12;;17.3;;;69.2;;0.31;3.5;;;;NA;;;organic_farming;;;summer;strip_tillage;annual;monoculture;;;hand_move_sprinkler_irrigation;;localized_placement;;no_pest_control;;;;;;;;;not;manual weed control;;;;;;;;;;;;;;;;;;;2021;SaffronAlp;SaffronALP—Lo zafferano di montagna: tecniche sostenibili per una produzione di qualità;Erica Lumini;erica.lumini@cnr.it;CNR-IPSP;Erica Lumini;Lumini_Alpine Saffron cultivated soil;Metabarcoding of Soil Fungal Communities Associated with Alpine Field-Grown Saffron (Crocus sativus L.) Inoculated with AM Fungi.;https://doi.org/10.3390/jof7010045;J. Fungi;;raw_data_project;7;regional;;Yes;Yes;GenBank_MW162630-164623,https://www.ncbi.nlm.nih.gov/sra/PRJNA1071842;2016-08;2018-05;7.343611;45.75192;700.0;grass_land;field;24;;−2.3 ◦C to 22.6 ◦C;study;533mm/year;
2017-11-07_D_IT_SaintChristophe_MO_T_SC_control_NA_P_2;date:2017-11-07T00:00:00:yyyy-MM-dd;D;;;SC;NA;2;IT;saintchristophe_mo;composite;SaffronAlp cultivated soil Project;T;control;P;;230;34.8958498644582;4.82650131796953;0.011895935968677;;;;;;;0.887537868388542;230;e;;;;;;0.008389790452182;0;;;0;;0.012407436584213;0;0;;0;;0.019024736095793;0;0.009807783204664;0;0.006184023948322;;0;;;Pielou;84.0623220092202;;;;;0;;;;0.010004726642508;0;;0;0.016622026154089;;0.003229872380652;0.0272569717977;0;0;0;;;0.007050575074839;0.012171104458799;0;;0.00957145107925;;NULL;NULL;0;0.012289270521506;0;;;;;;0;;;;;soil_core;;sequencing;target;16S;250_bp;silva;QIIME2;otu;2016-08;composite;;;USDA;;;;na;6.9;19.2;;sandy_loam;;29.9;24.3;20.2;21.8;;;;;;;1.12;;17.3;;;69.2;;0.31;3.5;;;;NA;;;organic_farming;;;summer;strip_tillage;annual;monoculture;;;hand_move_sprinkler_irrigation;;localized_placement;;no_pest_control;;;;;;;;;not;manual weed control;;;;;;;;;;;;;;;;;;;2021;SaffronAlp;SaffronALP—Lo zafferano di montagna: tecniche sostenibili per una produzione di qualità;Erica Lumini;erica.lumini@cnr.it;CNR-IPSP;Erica Lumini;Lumini_Alpine Saffron cultivated soil; Metabarcoding of Soil Fungal Communities Associated with Alpine Field-Grown Saffron (Crocus sativus L.) Inoculated with AM Fungi.;https://doi.org/10.3390/jof7010045;J. Fungi;;raw_data_project;7;regional;;Yes;Yes;GenBank_MW162630-164623,https://www.ncbi.nlm.nih.gov/sra/PRJNA1071842;2016-08;2018-05;7.343611;45.75192;700.0;grass_land;field;24;;−2.3 ◦C to 22.6 ◦C;study;533mm/year;
2017-11-07_D_IT_SaintChristophe_MO_T_SC_control_NA_P_3;date:2017-11-07T00:00:00:yyyy-MM-dd;D;;;SC;NA;3;IT;saintchristophe_mo;composite;SaffronAlp cultivated soil Project;T;control;P;;304.166666666667;48.5521935263819;5.16177532992214;0.008121113307136;;;;;;;0.90287743903226;304;e;;;;;;0.007838348826217;0.004884197258547;;;0.005081140696392;;0.013077044272885;0;0.005750748385064;;0;;0.020954781786671;0;0.00846856782732;0;0;;0.008232235701906;;;Pielou;123.135826601672;;;;;0;;;;0;0;;0;0.010122892705215;;0.011501496770128;0.025169371356546;0;0.011540885457697;0;;;0.006735465574287;0;0.007405073262959;;0.004726642508272;;NULL;NULL;0;0;0;;;;;;0;;;;;soil_core;;sequencing;target;16S;250_bp;silva;QIIME2;otu;2016-08;composite;;;USDA;;;;na;6.9;19.2;;sandy_loam;;29.9;24.3;20.2;21.8;;;;;;;1.12;;17.3;;;69.2;;0.31;3.5;;;;NA;;;organic_farming;;;summer;strip_tillage;annual;monoculture;;;hand_move_sprinkler_irrigation;;localized_placement;;no_pest_control;;;;;;;;;not;manual weed control;;;;;;;;;;;;;;;;;;;2021;SaffronAlp;SaffronALP—Lo zafferano di montagna: tecniche sostenibili per una produzione di qualità;Erica Lumini;erica.lumini@cnr.it;CNR-IPSP;Erica Lumini;Lumini_Alpine Saffron cultivated soil; Metabarcoding of Soil Fungal Communities Associated with Alpine Field-Grown Saffron (Crocus sativus L.) Inoculated with AM Fungi.;https://doi.org/10.3390/jof7010045;J. Fungi;;raw_data_project;7;regional;;Yes;Yes;GenBank_MW162630-164623,https://www.ncbi.nlm.nih.gov/sra/PRJNA1071842;2016-08;2018-05;7.343611;45.75192;700.0;grass_land;field;24;;−2.3 ◦C to 22.6 ◦C;study;533mm/year;
